2026-07-30 10:42:40 - Host: lentacheb.devmill.ru - UNCAUGHT_EXCEPTION - [ParseError] 
syntax error, unexpected variable "$asset" (0)
/var/www/lentacheb/data/www/lentacheb.devmill.ru/local/templates/main/components/bitrix/news.list/about_cases/template.php:12
#0: CBitrixComponentTemplate->__IncludePHPTemplate
	/var/www/lentacheb/data/www/lentacheb.devmill.ru/bitrix/modules/main/classes/general/component_template.php:951
#1: CBitrixComponentTemplate->IncludeTemplate
	/var/www/lentacheb/data/www/lentacheb.devmill.ru/bitrix/modules/main/classes/general/component.php:791
#2: CBitrixComponent->showComponentTemplate
	/var/www/lentacheb/data/www/lentacheb.devmill.ru/bitrix/modules/main/classes/general/component.php:731
#3: CBitrixComponent->includeComponentTemplate
	/var/www/lentacheb/data/www/lentacheb.devmill.ru/bitrix/components/bitrix/news.list/component.php:588
#4: include(string)
	/var/www/lentacheb/data/www/lentacheb.devmill.ru/bitrix/modules/main/classes/general/component.php:622
#5: CBitrixComponent->__includeComponent
	/var/www/lentacheb/data/www/lentacheb.devmill.ru/bitrix/modules/main/classes/general/component.php:699
#6: CBitrixComponent->includeComponent
	/var/www/lentacheb/data/www/lentacheb.devmill.ru/bitrix/modules/main/classes/general/main.php:1197
#7: CMain->IncludeComponent
	/var/www/lentacheb/data/www/lentacheb.devmill.ru/local/templates/main/include/pages/company/index.php:187
#8: require(string)
	/var/www/lentacheb/data/www/lentacheb.devmill.ru/about/company/index.php:7
----------

2026-07-30 12:34:49 - Host: lentacheb.devmill.ru - UNCAUGHT_EXCEPTION - [Error] 
Class "LayerManager" not found (0)
/var/www/lentacheb/data/www/lentacheb.devmill.ru/local/templates/main/include/template/footer.php:116
#0: require
	/var/www/lentacheb/data/www/lentacheb.devmill.ru/local/templates/main/footer.php:6
#1: include_once(string)
	/var/www/lentacheb/data/www/lentacheb.devmill.ru/bitrix/modules/main/include/epilog_before.php:93
#2: require(string)
	/var/www/lentacheb/data/www/lentacheb.devmill.ru/bitrix/modules/main/include/epilog.php:2
#3: require_once(string)
	/var/www/lentacheb/data/www/lentacheb.devmill.ru/bitrix/footer.php:4
#4: require(string)
	/var/www/lentacheb/data/www/lentacheb.devmill.ru/404.php:12
#5: include_once(string)
	/var/www/lentacheb/data/www/lentacheb.devmill.ru/bitrix/urlrewrite.php:4
----------

2026-07-30 12:34:49 - Host: lentacheb.devmill.ru - UNCAUGHT_EXCEPTION - [Error] 
Class "LayerManager" not found (0)
/var/www/lentacheb/data/www/lentacheb.devmill.ru/local/templates/main/include/template/footer.php:116
#0: require
	/var/www/lentacheb/data/www/lentacheb.devmill.ru/local/templates/main/footer.php:6
#1: include_once(string)
	/var/www/lentacheb/data/www/lentacheb.devmill.ru/bitrix/modules/main/include/epilog_before.php:93
#2: require(string)
	/var/www/lentacheb/data/www/lentacheb.devmill.ru/bitrix/modules/main/include/epilog.php:2
#3: require_once(string)
	/var/www/lentacheb/data/www/lentacheb.devmill.ru/bitrix/footer.php:4
#4: require(string)
	/var/www/lentacheb/data/www/lentacheb.devmill.ru/404.php:12
#5: include_once(string)
	/var/www/lentacheb/data/www/lentacheb.devmill.ru/bitrix/urlrewrite.php:4
----------

2026-07-30 12:34:49 - Host: lentacheb.devmill.ru - UNCAUGHT_EXCEPTION - [Error] 
Class "LayerManager" not found (0)
/var/www/lentacheb/data/www/lentacheb.devmill.ru/local/templates/main/include/template/footer.php:116
#0: require
	/var/www/lentacheb/data/www/lentacheb.devmill.ru/local/templates/main/footer.php:6
#1: include_once(string)
	/var/www/lentacheb/data/www/lentacheb.devmill.ru/bitrix/modules/main/include/epilog_before.php:93
#2: require(string)
	/var/www/lentacheb/data/www/lentacheb.devmill.ru/bitrix/modules/main/include/epilog.php:2
#3: require_once(string)
	/var/www/lentacheb/data/www/lentacheb.devmill.ru/bitrix/footer.php:4
#4: require(string)
	/var/www/lentacheb/data/www/lentacheb.devmill.ru/404.php:12
#5: include_once(string)
	/var/www/lentacheb/data/www/lentacheb.devmill.ru/bitrix/urlrewrite.php:4
----------

2026-07-30 12:34:50 - Host: lentacheb.devmill.ru - UNCAUGHT_EXCEPTION - [Error] 
Class "LayerManager" not found (0)
/var/www/lentacheb/data/www/lentacheb.devmill.ru/local/templates/main/include/template/footer.php:116
#0: require
	/var/www/lentacheb/data/www/lentacheb.devmill.ru/local/templates/main/footer.php:6
#1: include_once(string)
	/var/www/lentacheb/data/www/lentacheb.devmill.ru/bitrix/modules/main/include/epilog_before.php:93
#2: require(string)
	/var/www/lentacheb/data/www/lentacheb.devmill.ru/bitrix/modules/main/include/epilog.php:2
#3: require_once(string)
	/var/www/lentacheb/data/www/lentacheb.devmill.ru/bitrix/footer.php:4
#4: require(string)
	/var/www/lentacheb/data/www/lentacheb.devmill.ru/404.php:12
#5: include_once(string)
	/var/www/lentacheb/data/www/lentacheb.devmill.ru/bitrix/urlrewrite.php:4
----------

2026-07-30 12:34:50 - Host: lentacheb.devmill.ru - UNCAUGHT_EXCEPTION - [Error] 
Class "LayerManager" not found (0)
/var/www/lentacheb/data/www/lentacheb.devmill.ru/local/templates/main/include/template/footer.php:116
#0: require
	/var/www/lentacheb/data/www/lentacheb.devmill.ru/local/templates/main/footer.php:6
#1: include_once(string)
	/var/www/lentacheb/data/www/lentacheb.devmill.ru/bitrix/modules/main/include/epilog_before.php:93
#2: require(string)
	/var/www/lentacheb/data/www/lentacheb.devmill.ru/bitrix/modules/main/include/epilog.php:2
#3: require_once(string)
	/var/www/lentacheb/data/www/lentacheb.devmill.ru/bitrix/footer.php:4
#4: require(string)
	/var/www/lentacheb/data/www/lentacheb.devmill.ru/404.php:12
#5: include_once(string)
	/var/www/lentacheb/data/www/lentacheb.devmill.ru/bitrix/urlrewrite.php:4
----------

2026-07-30 12:34:50 - Host: lentacheb.devmill.ru - UNCAUGHT_EXCEPTION - [Error] 
Class "LayerManager" not found (0)
/var/www/lentacheb/data/www/lentacheb.devmill.ru/local/templates/main/include/template/footer.php:116
#0: require
	/var/www/lentacheb/data/www/lentacheb.devmill.ru/local/templates/main/footer.php:6
#1: include_once(string)
	/var/www/lentacheb/data/www/lentacheb.devmill.ru/bitrix/modules/main/include/epilog_before.php:93
#2: require(string)
	/var/www/lentacheb/data/www/lentacheb.devmill.ru/bitrix/modules/main/include/epilog.php:2
#3: require_once(string)
	/var/www/lentacheb/data/www/lentacheb.devmill.ru/bitrix/footer.php:4
#4: require(string)
	/var/www/lentacheb/data/www/lentacheb.devmill.ru/404.php:12
#5: include_once(string)
	/var/www/lentacheb/data/www/lentacheb.devmill.ru/bitrix/urlrewrite.php:4
----------

2026-07-30 12:51:55 - Host: lentacheb.devmill.ru - UNCAUGHT_EXCEPTION - [Error] 
Failed opening required '/var/www/lentacheb/data/www/lentacheb.devmill.ru/local/templates/main/include/pages/history/history-factory/index.php' (include_path='.:/usr/share/php') (0)
/var/www/lentacheb/data/www/lentacheb.devmill.ru/about/history/history-factory/index.php:7
----------

2026-07-30 13:16:22 - Host: lentacheb.devmill.ru - UNCAUGHT_EXCEPTION - [Error] 
Call to undefined method CMain::ShowDirProperty() (0)
/var/www/lentacheb/data/www/lentacheb.devmill.ru/local/templates/main/include/pages/history/layers/history-header.php:35
#0: require
	/var/www/lentacheb/data/www/lentacheb.devmill.ru/local/templates/main/include/pages/history/history-factory/index.php:8
#1: require(string)
	/var/www/lentacheb/data/www/lentacheb.devmill.ru/about/history/history-factory/index.php:7
----------

2026-07-30 13:35:39 - Host: lentacheb.devmill.ru - UNCAUGHT_EXCEPTION - [ParseError] 
syntax error, unexpected end of file (0)
/var/www/lentacheb/data/www/lentacheb.devmill.ru/local/templates/main/include/template/footer.php:398
#0: include_once
	/var/www/lentacheb/data/www/lentacheb.devmill.ru/bitrix/modules/main/include/epilog_before.php:93
#1: require(string)
	/var/www/lentacheb/data/www/lentacheb.devmill.ru/bitrix/modules/main/include/epilog.php:2
#2: require_once(string)
	/var/www/lentacheb/data/www/lentacheb.devmill.ru/bitrix/footer.php:4
#3: require(string)
	/var/www/lentacheb/data/www/lentacheb.devmill.ru/404.php:12
#4: include_once(string)
	/var/www/lentacheb/data/www/lentacheb.devmill.ru/bitrix/urlrewrite.php:4
----------

2026-07-30 13:35:40 - Host: lentacheb.devmill.ru - UNCAUGHT_EXCEPTION - [ParseError] 
syntax error, unexpected end of file (0)
/var/www/lentacheb/data/www/lentacheb.devmill.ru/local/templates/main/include/template/footer.php:398
#0: include_once
	/var/www/lentacheb/data/www/lentacheb.devmill.ru/bitrix/modules/main/include/epilog_before.php:93
#1: require(string)
	/var/www/lentacheb/data/www/lentacheb.devmill.ru/bitrix/modules/main/include/epilog.php:2
#2: require_once(string)
	/var/www/lentacheb/data/www/lentacheb.devmill.ru/bitrix/footer.php:4
#3: require(string)
	/var/www/lentacheb/data/www/lentacheb.devmill.ru/404.php:12
#4: include_once(string)
	/var/www/lentacheb/data/www/lentacheb.devmill.ru/bitrix/urlrewrite.php:4
----------

2026-07-30 13:35:40 - Host: lentacheb.devmill.ru - UNCAUGHT_EXCEPTION - [ParseError] 
syntax error, unexpected end of file (0)
/var/www/lentacheb/data/www/lentacheb.devmill.ru/local/templates/main/include/template/footer.php:398
#0: include_once
	/var/www/lentacheb/data/www/lentacheb.devmill.ru/bitrix/modules/main/include/epilog_before.php:93
#1: require(string)
	/var/www/lentacheb/data/www/lentacheb.devmill.ru/bitrix/modules/main/include/epilog.php:2
#2: require_once(string)
	/var/www/lentacheb/data/www/lentacheb.devmill.ru/bitrix/footer.php:4
#3: require(string)
	/var/www/lentacheb/data/www/lentacheb.devmill.ru/404.php:12
#4: include_once(string)
	/var/www/lentacheb/data/www/lentacheb.devmill.ru/bitrix/urlrewrite.php:4
----------

2026-07-30 13:35:40 - Host: lentacheb.devmill.ru - UNCAUGHT_EXCEPTION - [ParseError] 
syntax error, unexpected end of file (0)
/var/www/lentacheb/data/www/lentacheb.devmill.ru/local/templates/main/include/template/footer.php:398
#0: include_once
	/var/www/lentacheb/data/www/lentacheb.devmill.ru/bitrix/modules/main/include/epilog_before.php:93
#1: require(string)
	/var/www/lentacheb/data/www/lentacheb.devmill.ru/bitrix/modules/main/include/epilog.php:2
#2: require_once(string)
	/var/www/lentacheb/data/www/lentacheb.devmill.ru/bitrix/footer.php:4
#3: require(string)
	/var/www/lentacheb/data/www/lentacheb.devmill.ru/404.php:12
#4: include_once(string)
	/var/www/lentacheb/data/www/lentacheb.devmill.ru/bitrix/urlrewrite.php:4
----------

2026-07-30 13:35:40 - Host: lentacheb.devmill.ru - UNCAUGHT_EXCEPTION - [ParseError] 
syntax error, unexpected end of file (0)
/var/www/lentacheb/data/www/lentacheb.devmill.ru/local/templates/main/include/template/footer.php:398
#0: include_once
	/var/www/lentacheb/data/www/lentacheb.devmill.ru/bitrix/modules/main/include/epilog_before.php:93
#1: require(string)
	/var/www/lentacheb/data/www/lentacheb.devmill.ru/bitrix/modules/main/include/epilog.php:2
#2: require_once(string)
	/var/www/lentacheb/data/www/lentacheb.devmill.ru/bitrix/footer.php:4
#3: require(string)
	/var/www/lentacheb/data/www/lentacheb.devmill.ru/404.php:12
#4: include_once(string)
	/var/www/lentacheb/data/www/lentacheb.devmill.ru/bitrix/urlrewrite.php:4
----------

2026-07-30 13:35:41 - Host: lentacheb.devmill.ru - UNCAUGHT_EXCEPTION - [ParseError] 
syntax error, unexpected end of file (0)
/var/www/lentacheb/data/www/lentacheb.devmill.ru/local/templates/main/include/template/footer.php:398
#0: include_once
	/var/www/lentacheb/data/www/lentacheb.devmill.ru/bitrix/modules/main/include/epilog_before.php:93
#1: require(string)
	/var/www/lentacheb/data/www/lentacheb.devmill.ru/bitrix/modules/main/include/epilog.php:2
#2: require_once(string)
	/var/www/lentacheb/data/www/lentacheb.devmill.ru/bitrix/footer.php:4
#3: require(string)
	/var/www/lentacheb/data/www/lentacheb.devmill.ru/404.php:12
#4: include_once(string)
	/var/www/lentacheb/data/www/lentacheb.devmill.ru/bitrix/urlrewrite.php:4
----------

2026-07-30 13:35:46 - Host: lentacheb.devmill.ru - UNCAUGHT_EXCEPTION - [ParseError] 
syntax error, unexpected end of file (0)
/var/www/lentacheb/data/www/lentacheb.devmill.ru/local/templates/main/include/template/footer.php:398
#0: include_once
	/var/www/lentacheb/data/www/lentacheb.devmill.ru/bitrix/modules/main/include/epilog_before.php:93
#1: require(string)
	/var/www/lentacheb/data/www/lentacheb.devmill.ru/bitrix/modules/main/include/epilog.php:2
#2: require_once(string)
	/var/www/lentacheb/data/www/lentacheb.devmill.ru/bitrix/footer.php:4
#3: require(string)
	/var/www/lentacheb/data/www/lentacheb.devmill.ru/404.php:12
#4: include_once(string)
	/var/www/lentacheb/data/www/lentacheb.devmill.ru/bitrix/urlrewrite.php:4
----------

2026-07-30 13:35:47 - Host: lentacheb.devmill.ru - UNCAUGHT_EXCEPTION - [ParseError] 
syntax error, unexpected end of file (0)
/var/www/lentacheb/data/www/lentacheb.devmill.ru/local/templates/main/include/template/footer.php:398
#0: include_once
	/var/www/lentacheb/data/www/lentacheb.devmill.ru/bitrix/modules/main/include/epilog_before.php:93
#1: require(string)
	/var/www/lentacheb/data/www/lentacheb.devmill.ru/bitrix/modules/main/include/epilog.php:2
#2: require_once(string)
	/var/www/lentacheb/data/www/lentacheb.devmill.ru/bitrix/footer.php:4
#3: require(string)
	/var/www/lentacheb/data/www/lentacheb.devmill.ru/404.php:12
#4: include_once(string)
	/var/www/lentacheb/data/www/lentacheb.devmill.ru/bitrix/urlrewrite.php:4
----------

2026-07-30 13:35:47 - Host: lentacheb.devmill.ru - UNCAUGHT_EXCEPTION - [ParseError] 
syntax error, unexpected end of file (0)
/var/www/lentacheb/data/www/lentacheb.devmill.ru/local/templates/main/include/template/footer.php:398
#0: include_once
	/var/www/lentacheb/data/www/lentacheb.devmill.ru/bitrix/modules/main/include/epilog_before.php:93
#1: require(string)
	/var/www/lentacheb/data/www/lentacheb.devmill.ru/bitrix/modules/main/include/epilog.php:2
#2: require_once(string)
	/var/www/lentacheb/data/www/lentacheb.devmill.ru/bitrix/footer.php:4
#3: require(string)
	/var/www/lentacheb/data/www/lentacheb.devmill.ru/404.php:12
#4: include_once(string)
	/var/www/lentacheb/data/www/lentacheb.devmill.ru/bitrix/urlrewrite.php:4
----------

2026-07-30 13:36:31 - Host: lentacheb.devmill.ru - UNCAUGHT_EXCEPTION - [Error] 
Class "AppUtil" not found (0)
/var/www/lentacheb/data/www/lentacheb.devmill.ru/local/templates/main/include/template/footer.php:90
#0: require
	/var/www/lentacheb/data/www/lentacheb.devmill.ru/local/templates/main/footer.php:6
#1: include_once(string)
	/var/www/lentacheb/data/www/lentacheb.devmill.ru/bitrix/modules/main/include/epilog_before.php:93
#2: require(string)
	/var/www/lentacheb/data/www/lentacheb.devmill.ru/bitrix/modules/main/include/epilog.php:2
#3: require_once(string)
	/var/www/lentacheb/data/www/lentacheb.devmill.ru/bitrix/footer.php:4
#4: require(string)
	/var/www/lentacheb/data/www/lentacheb.devmill.ru/contacts/index.php:9
----------

2026-07-30 13:36:31 - Host: lentacheb.devmill.ru - UNCAUGHT_EXCEPTION - [Error] 
Class "AppUtil" not found (0)
/var/www/lentacheb/data/www/lentacheb.devmill.ru/local/templates/main/include/template/footer.php:90
#0: require
	/var/www/lentacheb/data/www/lentacheb.devmill.ru/local/templates/main/footer.php:6
#1: include_once(string)
	/var/www/lentacheb/data/www/lentacheb.devmill.ru/bitrix/modules/main/include/epilog_before.php:93
#2: require(string)
	/var/www/lentacheb/data/www/lentacheb.devmill.ru/bitrix/modules/main/include/epilog.php:2
#3: require_once(string)
	/var/www/lentacheb/data/www/lentacheb.devmill.ru/bitrix/footer.php:4
#4: require(string)
	/var/www/lentacheb/data/www/lentacheb.devmill.ru/404.php:12
#5: include_once(string)
	/var/www/lentacheb/data/www/lentacheb.devmill.ru/bitrix/urlrewrite.php:4
----------

2026-07-30 13:36:31 - Host: lentacheb.devmill.ru - UNCAUGHT_EXCEPTION - [Error] 
Class "AppUtil" not found (0)
/var/www/lentacheb/data/www/lentacheb.devmill.ru/local/templates/main/include/template/footer.php:90
#0: require
	/var/www/lentacheb/data/www/lentacheb.devmill.ru/local/templates/main/footer.php:6
#1: include_once(string)
	/var/www/lentacheb/data/www/lentacheb.devmill.ru/bitrix/modules/main/include/epilog_before.php:93
#2: require(string)
	/var/www/lentacheb/data/www/lentacheb.devmill.ru/bitrix/modules/main/include/epilog.php:2
#3: require_once(string)
	/var/www/lentacheb/data/www/lentacheb.devmill.ru/bitrix/footer.php:4
#4: require(string)
	/var/www/lentacheb/data/www/lentacheb.devmill.ru/404.php:12
#5: include_once(string)
	/var/www/lentacheb/data/www/lentacheb.devmill.ru/bitrix/urlrewrite.php:4
----------

2026-07-30 13:36:34 - Host: lentacheb.devmill.ru - UNCAUGHT_EXCEPTION - [Error] 
Class "AppUtil" not found (0)
/var/www/lentacheb/data/www/lentacheb.devmill.ru/local/templates/main/include/template/footer.php:90
#0: require
	/var/www/lentacheb/data/www/lentacheb.devmill.ru/local/templates/main/footer.php:6
#1: include_once(string)
	/var/www/lentacheb/data/www/lentacheb.devmill.ru/bitrix/modules/main/include/epilog_before.php:93
#2: require(string)
	/var/www/lentacheb/data/www/lentacheb.devmill.ru/bitrix/modules/main/include/epilog.php:2
#3: require_once(string)
	/var/www/lentacheb/data/www/lentacheb.devmill.ru/bitrix/footer.php:4
#4: require(string)
	/var/www/lentacheb/data/www/lentacheb.devmill.ru/contacts/index.php:9
----------

2026-07-30 13:36:34 - Host: lentacheb.devmill.ru - UNCAUGHT_EXCEPTION - [Error] 
Class "AppUtil" not found (0)
/var/www/lentacheb/data/www/lentacheb.devmill.ru/local/templates/main/include/template/footer.php:90
#0: require
	/var/www/lentacheb/data/www/lentacheb.devmill.ru/local/templates/main/footer.php:6
#1: include_once(string)
	/var/www/lentacheb/data/www/lentacheb.devmill.ru/bitrix/modules/main/include/epilog_before.php:93
#2: require(string)
	/var/www/lentacheb/data/www/lentacheb.devmill.ru/bitrix/modules/main/include/epilog.php:2
#3: require_once(string)
	/var/www/lentacheb/data/www/lentacheb.devmill.ru/bitrix/footer.php:4
#4: require(string)
	/var/www/lentacheb/data/www/lentacheb.devmill.ru/404.php:12
#5: include_once(string)
	/var/www/lentacheb/data/www/lentacheb.devmill.ru/bitrix/urlrewrite.php:4
----------

2026-07-30 13:36:34 - Host: lentacheb.devmill.ru - UNCAUGHT_EXCEPTION - [Error] 
Class "AppUtil" not found (0)
/var/www/lentacheb/data/www/lentacheb.devmill.ru/local/templates/main/include/template/footer.php:90
#0: require
	/var/www/lentacheb/data/www/lentacheb.devmill.ru/local/templates/main/footer.php:6
#1: include_once(string)
	/var/www/lentacheb/data/www/lentacheb.devmill.ru/bitrix/modules/main/include/epilog_before.php:93
#2: require(string)
	/var/www/lentacheb/data/www/lentacheb.devmill.ru/bitrix/modules/main/include/epilog.php:2
#3: require_once(string)
	/var/www/lentacheb/data/www/lentacheb.devmill.ru/bitrix/footer.php:4
#4: require(string)
	/var/www/lentacheb/data/www/lentacheb.devmill.ru/404.php:12
#5: include_once(string)
	/var/www/lentacheb/data/www/lentacheb.devmill.ru/bitrix/urlrewrite.php:4
----------

2026-07-30 13:36:50 - Host: lentacheb.devmill.ru - UNCAUGHT_EXCEPTION - [Error] 
Class "AppUtil" not found (0)
/var/www/lentacheb/data/www/lentacheb.devmill.ru/local/templates/main/include/template/footer.php:90
#0: require
	/var/www/lentacheb/data/www/lentacheb.devmill.ru/local/templates/main/footer.php:6
#1: include_once(string)
	/var/www/lentacheb/data/www/lentacheb.devmill.ru/bitrix/modules/main/include/epilog_before.php:93
#2: require(string)
	/var/www/lentacheb/data/www/lentacheb.devmill.ru/bitrix/modules/main/include/epilog.php:2
#3: require_once(string)
	/var/www/lentacheb/data/www/lentacheb.devmill.ru/bitrix/footer.php:4
#4: require(string)
	/var/www/lentacheb/data/www/lentacheb.devmill.ru/contacts/index.php:9
----------

2026-07-30 13:36:50 - Host: lentacheb.devmill.ru - UNCAUGHT_EXCEPTION - [Error] 
Class "AppUtil" not found (0)
/var/www/lentacheb/data/www/lentacheb.devmill.ru/local/templates/main/include/template/footer.php:90
#0: require
	/var/www/lentacheb/data/www/lentacheb.devmill.ru/local/templates/main/footer.php:6
#1: include_once(string)
	/var/www/lentacheb/data/www/lentacheb.devmill.ru/bitrix/modules/main/include/epilog_before.php:93
#2: require(string)
	/var/www/lentacheb/data/www/lentacheb.devmill.ru/bitrix/modules/main/include/epilog.php:2
#3: require_once(string)
	/var/www/lentacheb/data/www/lentacheb.devmill.ru/bitrix/footer.php:4
#4: require(string)
	/var/www/lentacheb/data/www/lentacheb.devmill.ru/404.php:12
#5: include_once(string)
	/var/www/lentacheb/data/www/lentacheb.devmill.ru/bitrix/urlrewrite.php:4
----------

2026-07-30 13:36:50 - Host: lentacheb.devmill.ru - UNCAUGHT_EXCEPTION - [Error] 
Class "AppUtil" not found (0)
/var/www/lentacheb/data/www/lentacheb.devmill.ru/local/templates/main/include/template/footer.php:90
#0: require
	/var/www/lentacheb/data/www/lentacheb.devmill.ru/local/templates/main/footer.php:6
#1: include_once(string)
	/var/www/lentacheb/data/www/lentacheb.devmill.ru/bitrix/modules/main/include/epilog_before.php:93
#2: require(string)
	/var/www/lentacheb/data/www/lentacheb.devmill.ru/bitrix/modules/main/include/epilog.php:2
#3: require_once(string)
	/var/www/lentacheb/data/www/lentacheb.devmill.ru/bitrix/footer.php:4
#4: require(string)
	/var/www/lentacheb/data/www/lentacheb.devmill.ru/404.php:12
#5: include_once(string)
	/var/www/lentacheb/data/www/lentacheb.devmill.ru/bitrix/urlrewrite.php:4
----------

2026-07-30 13:36:51 - Host: lentacheb.devmill.ru - UNCAUGHT_EXCEPTION - [Error] 
Class "AppUtil" not found (0)
/var/www/lentacheb/data/www/lentacheb.devmill.ru/local/templates/main/include/template/footer.php:90
#0: require
	/var/www/lentacheb/data/www/lentacheb.devmill.ru/local/templates/main/footer.php:6
#1: include_once(string)
	/var/www/lentacheb/data/www/lentacheb.devmill.ru/bitrix/modules/main/include/epilog_before.php:93
#2: require(string)
	/var/www/lentacheb/data/www/lentacheb.devmill.ru/bitrix/modules/main/include/epilog.php:2
#3: require_once(string)
	/var/www/lentacheb/data/www/lentacheb.devmill.ru/bitrix/footer.php:4
#4: require(string)
	/var/www/lentacheb/data/www/lentacheb.devmill.ru/404.php:12
#5: include_once(string)
	/var/www/lentacheb/data/www/lentacheb.devmill.ru/bitrix/urlrewrite.php:4
----------

2026-07-30 13:36:51 - Host: lentacheb.devmill.ru - UNCAUGHT_EXCEPTION - [Error] 
Class "AppUtil" not found (0)
/var/www/lentacheb/data/www/lentacheb.devmill.ru/local/templates/main/include/template/footer.php:90
#0: require
	/var/www/lentacheb/data/www/lentacheb.devmill.ru/local/templates/main/footer.php:6
#1: include_once(string)
	/var/www/lentacheb/data/www/lentacheb.devmill.ru/bitrix/modules/main/include/epilog_before.php:93
#2: require(string)
	/var/www/lentacheb/data/www/lentacheb.devmill.ru/bitrix/modules/main/include/epilog.php:2
#3: require_once(string)
	/var/www/lentacheb/data/www/lentacheb.devmill.ru/bitrix/footer.php:4
#4: require(string)
	/var/www/lentacheb/data/www/lentacheb.devmill.ru/404.php:12
#5: include_once(string)
	/var/www/lentacheb/data/www/lentacheb.devmill.ru/bitrix/urlrewrite.php:4
----------

2026-07-30 13:37:04 - Host: lentacheb.devmill.ru - UNCAUGHT_EXCEPTION - [Error] 
Class "AppUtil" not found (0)
/var/www/lentacheb/data/www/lentacheb.devmill.ru/local/templates/main/include/template/footer.php:90
#0: require
	/var/www/lentacheb/data/www/lentacheb.devmill.ru/local/templates/main/footer.php:6
#1: include_once(string)
	/var/www/lentacheb/data/www/lentacheb.devmill.ru/bitrix/modules/main/include/epilog_before.php:93
#2: require(string)
	/var/www/lentacheb/data/www/lentacheb.devmill.ru/bitrix/modules/main/include/epilog.php:2
#3: require_once(string)
	/var/www/lentacheb/data/www/lentacheb.devmill.ru/bitrix/footer.php:4
#4: require(string)
	/var/www/lentacheb/data/www/lentacheb.devmill.ru/contacts/index.php:9
----------

2026-07-30 13:37:04 - Host: lentacheb.devmill.ru - UNCAUGHT_EXCEPTION - [Error] 
Class "AppUtil" not found (0)
/var/www/lentacheb/data/www/lentacheb.devmill.ru/local/templates/main/include/template/footer.php:90
#0: require
	/var/www/lentacheb/data/www/lentacheb.devmill.ru/local/templates/main/footer.php:6
#1: include_once(string)
	/var/www/lentacheb/data/www/lentacheb.devmill.ru/bitrix/modules/main/include/epilog_before.php:93
#2: require(string)
	/var/www/lentacheb/data/www/lentacheb.devmill.ru/bitrix/modules/main/include/epilog.php:2
#3: require_once(string)
	/var/www/lentacheb/data/www/lentacheb.devmill.ru/bitrix/footer.php:4
#4: require(string)
	/var/www/lentacheb/data/www/lentacheb.devmill.ru/404.php:12
#5: include_once(string)
	/var/www/lentacheb/data/www/lentacheb.devmill.ru/bitrix/urlrewrite.php:4
----------

2026-07-30 13:37:04 - Host: lentacheb.devmill.ru - UNCAUGHT_EXCEPTION - [Error] 
Class "AppUtil" not found (0)
/var/www/lentacheb/data/www/lentacheb.devmill.ru/local/templates/main/include/template/footer.php:90
#0: require
	/var/www/lentacheb/data/www/lentacheb.devmill.ru/local/templates/main/footer.php:6
#1: include_once(string)
	/var/www/lentacheb/data/www/lentacheb.devmill.ru/bitrix/modules/main/include/epilog_before.php:93
#2: require(string)
	/var/www/lentacheb/data/www/lentacheb.devmill.ru/bitrix/modules/main/include/epilog.php:2
#3: require_once(string)
	/var/www/lentacheb/data/www/lentacheb.devmill.ru/bitrix/footer.php:4
#4: require(string)
	/var/www/lentacheb/data/www/lentacheb.devmill.ru/404.php:12
#5: include_once(string)
	/var/www/lentacheb/data/www/lentacheb.devmill.ru/bitrix/urlrewrite.php:4
----------

2026-07-30 13:37:06 - Host: lentacheb.devmill.ru - UNCAUGHT_EXCEPTION - [Error] 
Class "AppUtil" not found (0)
/var/www/lentacheb/data/www/lentacheb.devmill.ru/local/templates/main/include/template/footer.php:90
#0: require
	/var/www/lentacheb/data/www/lentacheb.devmill.ru/local/templates/main/footer.php:6
#1: include_once(string)
	/var/www/lentacheb/data/www/lentacheb.devmill.ru/bitrix/modules/main/include/epilog_before.php:93
#2: require(string)
	/var/www/lentacheb/data/www/lentacheb.devmill.ru/bitrix/modules/main/include/epilog.php:2
#3: require_once(string)
	/var/www/lentacheb/data/www/lentacheb.devmill.ru/bitrix/footer.php:4
#4: require(string)
	/var/www/lentacheb/data/www/lentacheb.devmill.ru/404.php:12
#5: include_once(string)
	/var/www/lentacheb/data/www/lentacheb.devmill.ru/bitrix/urlrewrite.php:4
----------

2026-07-30 13:37:06 - Host: lentacheb.devmill.ru - UNCAUGHT_EXCEPTION - [Error] 
Class "AppUtil" not found (0)
/var/www/lentacheb/data/www/lentacheb.devmill.ru/local/templates/main/include/template/footer.php:90
#0: require
	/var/www/lentacheb/data/www/lentacheb.devmill.ru/local/templates/main/footer.php:6
#1: include_once(string)
	/var/www/lentacheb/data/www/lentacheb.devmill.ru/bitrix/modules/main/include/epilog_before.php:93
#2: require(string)
	/var/www/lentacheb/data/www/lentacheb.devmill.ru/bitrix/modules/main/include/epilog.php:2
#3: require_once(string)
	/var/www/lentacheb/data/www/lentacheb.devmill.ru/bitrix/footer.php:4
#4: require(string)
	/var/www/lentacheb/data/www/lentacheb.devmill.ru/404.php:12
#5: include_once(string)
	/var/www/lentacheb/data/www/lentacheb.devmill.ru/bitrix/urlrewrite.php:4
----------

2026-07-30 13:37:06 - Host: lentacheb.devmill.ru - UNCAUGHT_EXCEPTION - [Error] 
Class "AppUtil" not found (0)
/var/www/lentacheb/data/www/lentacheb.devmill.ru/local/templates/main/include/template/footer.php:90
#0: require
	/var/www/lentacheb/data/www/lentacheb.devmill.ru/local/templates/main/footer.php:6
#1: include_once(string)
	/var/www/lentacheb/data/www/lentacheb.devmill.ru/bitrix/modules/main/include/epilog_before.php:93
#2: require(string)
	/var/www/lentacheb/data/www/lentacheb.devmill.ru/bitrix/modules/main/include/epilog.php:2
#3: require_once(string)
	/var/www/lentacheb/data/www/lentacheb.devmill.ru/bitrix/footer.php:4
#4: require(string)
	/var/www/lentacheb/data/www/lentacheb.devmill.ru/404.php:12
#5: include_once(string)
	/var/www/lentacheb/data/www/lentacheb.devmill.ru/bitrix/urlrewrite.php:4
----------

2026-07-30 13:41:37 - Host: lentacheb.devmill.ru - UNCAUGHT_EXCEPTION - [Error] 
Class "AppUtil" not found (0)
/var/www/lentacheb/data/www/lentacheb.devmill.ru/local/templates/main/include/template/header.php:61
#0: require
	/var/www/lentacheb/data/www/lentacheb.devmill.ru/local/templates/main/header.php:17
#1: include_once(string)
	/var/www/lentacheb/data/www/lentacheb.devmill.ru/bitrix/modules/main/include/prolog_after.php:88
#2: require(string)
	/var/www/lentacheb/data/www/lentacheb.devmill.ru/bitrix/modules/main/include/prolog.php:11
#3: require_once(string)
	/var/www/lentacheb/data/www/lentacheb.devmill.ru/bitrix/header.php:2
#4: require(string)
	/var/www/lentacheb/data/www/lentacheb.devmill.ru/404.php:2
#5: include_once(string)
	/var/www/lentacheb/data/www/lentacheb.devmill.ru/bitrix/urlrewrite.php:4
----------

2026-07-30 13:41:38 - Host: lentacheb.devmill.ru - UNCAUGHT_EXCEPTION - [Error] 
Class "AppUtil" not found (0)
/var/www/lentacheb/data/www/lentacheb.devmill.ru/local/templates/main/include/template/header.php:61
#0: require
	/var/www/lentacheb/data/www/lentacheb.devmill.ru/local/templates/main/header.php:17
#1: include_once(string)
	/var/www/lentacheb/data/www/lentacheb.devmill.ru/bitrix/modules/main/include/prolog_after.php:88
#2: require(string)
	/var/www/lentacheb/data/www/lentacheb.devmill.ru/bitrix/modules/main/include/prolog.php:11
#3: require_once(string)
	/var/www/lentacheb/data/www/lentacheb.devmill.ru/bitrix/header.php:2
#4: require(string)
	/var/www/lentacheb/data/www/lentacheb.devmill.ru/404.php:2
#5: include_once(string)
	/var/www/lentacheb/data/www/lentacheb.devmill.ru/bitrix/urlrewrite.php:4
----------

2026-07-30 13:41:39 - Host: lentacheb.devmill.ru - UNCAUGHT_EXCEPTION - [Error] 
Class "AppUtil" not found (0)
/var/www/lentacheb/data/www/lentacheb.devmill.ru/local/templates/main/include/template/header.php:61
#0: require
	/var/www/lentacheb/data/www/lentacheb.devmill.ru/local/templates/main/header.php:17
#1: include_once(string)
	/var/www/lentacheb/data/www/lentacheb.devmill.ru/bitrix/modules/main/include/prolog_after.php:88
#2: require(string)
	/var/www/lentacheb/data/www/lentacheb.devmill.ru/bitrix/modules/main/include/prolog.php:11
#3: require_once(string)
	/var/www/lentacheb/data/www/lentacheb.devmill.ru/bitrix/header.php:2
#4: require(string)
	/var/www/lentacheb/data/www/lentacheb.devmill.ru/404.php:2
#5: include_once(string)
	/var/www/lentacheb/data/www/lentacheb.devmill.ru/bitrix/urlrewrite.php:4
----------

2026-07-30 13:41:39 - Host: lentacheb.devmill.ru - UNCAUGHT_EXCEPTION - [Error] 
Class "AppUtil" not found (0)
/var/www/lentacheb/data/www/lentacheb.devmill.ru/local/templates/main/include/template/header.php:61
#0: require
	/var/www/lentacheb/data/www/lentacheb.devmill.ru/local/templates/main/header.php:17
#1: include_once(string)
	/var/www/lentacheb/data/www/lentacheb.devmill.ru/bitrix/modules/main/include/prolog_after.php:88
#2: require(string)
	/var/www/lentacheb/data/www/lentacheb.devmill.ru/bitrix/modules/main/include/prolog.php:11
#3: require_once(string)
	/var/www/lentacheb/data/www/lentacheb.devmill.ru/bitrix/header.php:2
#4: require(string)
	/var/www/lentacheb/data/www/lentacheb.devmill.ru/404.php:2
#5: include_once(string)
	/var/www/lentacheb/data/www/lentacheb.devmill.ru/bitrix/urlrewrite.php:4
----------

2026-07-30 13:41:42 - Host: lentacheb.devmill.ru - UNCAUGHT_EXCEPTION - [Error] 
Class "AppUtil" not found (0)
/var/www/lentacheb/data/www/lentacheb.devmill.ru/local/templates/main/include/template/header.php:61
#0: require
	/var/www/lentacheb/data/www/lentacheb.devmill.ru/local/templates/main/header.php:17
#1: include_once(string)
	/var/www/lentacheb/data/www/lentacheb.devmill.ru/bitrix/modules/main/include/prolog_after.php:88
#2: require(string)
	/var/www/lentacheb/data/www/lentacheb.devmill.ru/bitrix/modules/main/include/prolog.php:11
#3: require_once(string)
	/var/www/lentacheb/data/www/lentacheb.devmill.ru/bitrix/header.php:2
#4: require(string)
	/var/www/lentacheb/data/www/lentacheb.devmill.ru/404.php:2
#5: include_once(string)
	/var/www/lentacheb/data/www/lentacheb.devmill.ru/bitrix/urlrewrite.php:4
----------

2026-07-30 13:41:42 - Host: lentacheb.devmill.ru - UNCAUGHT_EXCEPTION - [Error] 
Class "AppUtil" not found (0)
/var/www/lentacheb/data/www/lentacheb.devmill.ru/local/templates/main/include/template/header.php:61
#0: require
	/var/www/lentacheb/data/www/lentacheb.devmill.ru/local/templates/main/header.php:17
#1: include_once(string)
	/var/www/lentacheb/data/www/lentacheb.devmill.ru/bitrix/modules/main/include/prolog_after.php:88
#2: require(string)
	/var/www/lentacheb/data/www/lentacheb.devmill.ru/bitrix/modules/main/include/prolog.php:11
#3: require_once(string)
	/var/www/lentacheb/data/www/lentacheb.devmill.ru/bitrix/header.php:2
#4: require(string)
	/var/www/lentacheb/data/www/lentacheb.devmill.ru/404.php:2
#5: include_once(string)
	/var/www/lentacheb/data/www/lentacheb.devmill.ru/bitrix/urlrewrite.php:4
----------

2026-07-30 14:54:21 - Host: lentacheb.devmill.ru - UNCAUGHT_EXCEPTION - [Error] 
Class "IBlockHelper" not found (0)
/var/www/lentacheb/data/www/lentacheb.devmill.ru/local/templates/main/include/pages/history/layers/history-footer.php:54
#0: require
	/var/www/lentacheb/data/www/lentacheb.devmill.ru/local/templates/main/include/pages/history/history-factory/index.php:750
#1: require(string)
	/var/www/lentacheb/data/www/lentacheb.devmill.ru/about/history/history-factory/index.php:7
----------

2026-07-30 16:03:15 - Host: lentacheb.devmill.ru - UNCAUGHT_EXCEPTION - [Error] 
Class "Cloudmill\App\Helpers\IBlockHelper" not found (0)
/var/www/lentacheb/data/www/lentacheb.devmill.ru/local/modules/cloudmill.app/lib/Settings/PageSettings.php:24
#0: CloudMill\App\Settings\PageSettings::init
	/var/www/lentacheb/data/www/lentacheb.devmill.ru/local/modules/cloudmill.app/lib/Settings/PageSettings.php:38
#1: CloudMill\App\Settings\PageSettings::get
	/var/www/lentacheb/data/www/lentacheb.devmill.ru/local/modules/cloudmill.app/lib/Settings/PageSettings.php:77
#2: CloudMill\App\Settings\PageSettings::getDefaultPicture
	/var/www/lentacheb/data/www/lentacheb.devmill.ru/local/templates/main/include/template/shared.php:7
#3: require(string)
	/var/www/lentacheb/data/www/lentacheb.devmill.ru/local/templates/main/header.php:21
#4: include_once(string)
	/var/www/lentacheb/data/www/lentacheb.devmill.ru/bitrix/modules/main/include/prolog_after.php:88
#5: require(string)
	/var/www/lentacheb/data/www/lentacheb.devmill.ru/bitrix/modules/main/include/prolog.php:11
#6: require_once(string)
	/var/www/lentacheb/data/www/lentacheb.devmill.ru/bitrix/header.php:2
#7: require(string)
	/var/www/lentacheb/data/www/lentacheb.devmill.ru/about/history/history-factory/index.php:2
----------

2026-07-30 16:03:25 - Host: lentacheb.devmill.ru - UNCAUGHT_EXCEPTION - [Error] 
Class "Cloudmill\App\Helpers\IBlockHelper" not found (0)
/var/www/lentacheb/data/www/lentacheb.devmill.ru/local/modules/cloudmill.app/lib/Settings/PageSettings.php:24
#0: CloudMill\App\Settings\PageSettings::init
	/var/www/lentacheb/data/www/lentacheb.devmill.ru/local/modules/cloudmill.app/lib/Settings/PageSettings.php:38
#1: CloudMill\App\Settings\PageSettings::get
	/var/www/lentacheb/data/www/lentacheb.devmill.ru/local/modules/cloudmill.app/lib/Settings/PageSettings.php:77
#2: CloudMill\App\Settings\PageSettings::getDefaultPicture
	/var/www/lentacheb/data/www/lentacheb.devmill.ru/local/templates/main/include/template/shared.php:7
#3: require(string)
	/var/www/lentacheb/data/www/lentacheb.devmill.ru/local/templates/main/header.php:21
#4: include_once(string)
	/var/www/lentacheb/data/www/lentacheb.devmill.ru/bitrix/modules/main/include/prolog_after.php:88
#5: require(string)
	/var/www/lentacheb/data/www/lentacheb.devmill.ru/bitrix/modules/main/include/prolog.php:11
#6: require_once(string)
	/var/www/lentacheb/data/www/lentacheb.devmill.ru/bitrix/header.php:2
#7: require(string)
	/var/www/lentacheb/data/www/lentacheb.devmill.ru/index.php:2
----------

2026-07-30 16:03:27 - Host: lentacheb.devmill.ru - UNCAUGHT_EXCEPTION - [Error] 
Call to undefined method CloudMill\App\Helpers\LayerManager::socialNetworks() (0)
/var/www/lentacheb/data/www/lentacheb.devmill.ru/local/templates/main/include/template/footer.php:125
#0: require
	/var/www/lentacheb/data/www/lentacheb.devmill.ru/local/templates/main/footer.php:6
#1: include_once(string)
	/var/www/lentacheb/data/www/lentacheb.devmill.ru/bitrix/modules/main/include/epilog_before.php:93
#2: require(string)
	/var/www/lentacheb/data/www/lentacheb.devmill.ru/bitrix/modules/main/include/epilog.php:2
#3: require_once(string)
	/var/www/lentacheb/data/www/lentacheb.devmill.ru/bitrix/footer.php:4
#4: require(string)
	/var/www/lentacheb/data/www/lentacheb.devmill.ru/index.php:10
----------

2026-07-30 16:03:28 - Host: lentacheb.devmill.ru - UNCAUGHT_EXCEPTION - [Error] 
Call to undefined method CloudMill\App\Helpers\LayerManager::socialNetworks() (0)
/var/www/lentacheb/data/www/lentacheb.devmill.ru/local/templates/main/include/template/footer.php:125
#0: require
	/var/www/lentacheb/data/www/lentacheb.devmill.ru/local/templates/main/footer.php:6
#1: include_once(string)
	/var/www/lentacheb/data/www/lentacheb.devmill.ru/bitrix/modules/main/include/epilog_before.php:93
#2: require(string)
	/var/www/lentacheb/data/www/lentacheb.devmill.ru/bitrix/modules/main/include/epilog.php:2
#3: require_once(string)
	/var/www/lentacheb/data/www/lentacheb.devmill.ru/bitrix/footer.php:4
#4: require(string)
	/var/www/lentacheb/data/www/lentacheb.devmill.ru/404.php:12
#5: include_once(string)
	/var/www/lentacheb/data/www/lentacheb.devmill.ru/bitrix/urlrewrite.php:4
----------

2026-07-30 16:03:28 - Host: lentacheb.devmill.ru - UNCAUGHT_EXCEPTION - [Error] 
Call to undefined method CloudMill\App\Helpers\LayerManager::socialNetworks() (0)
/var/www/lentacheb/data/www/lentacheb.devmill.ru/local/templates/main/include/template/footer.php:125
#0: require
	/var/www/lentacheb/data/www/lentacheb.devmill.ru/local/templates/main/footer.php:6
#1: include_once(string)
	/var/www/lentacheb/data/www/lentacheb.devmill.ru/bitrix/modules/main/include/epilog_before.php:93
#2: require(string)
	/var/www/lentacheb/data/www/lentacheb.devmill.ru/bitrix/modules/main/include/epilog.php:2
#3: require_once(string)
	/var/www/lentacheb/data/www/lentacheb.devmill.ru/bitrix/footer.php:4
#4: require(string)
	/var/www/lentacheb/data/www/lentacheb.devmill.ru/404.php:12
#5: include_once(string)
	/var/www/lentacheb/data/www/lentacheb.devmill.ru/bitrix/urlrewrite.php:4
----------

2026-07-30 16:03:36 - Host: lentacheb.devmill.ru - UNCAUGHT_EXCEPTION - [Error] 
Call to undefined method CloudMill\App\Helpers\LayerManager::socialNetworks() (0)
/var/www/lentacheb/data/www/lentacheb.devmill.ru/local/templates/main/include/template/footer.php:125
#0: require
	/var/www/lentacheb/data/www/lentacheb.devmill.ru/local/templates/main/footer.php:6
#1: include_once(string)
	/var/www/lentacheb/data/www/lentacheb.devmill.ru/bitrix/modules/main/include/epilog_before.php:93
#2: require(string)
	/var/www/lentacheb/data/www/lentacheb.devmill.ru/bitrix/modules/main/include/epilog.php:2
#3: require_once(string)
	/var/www/lentacheb/data/www/lentacheb.devmill.ru/bitrix/footer.php:4
#4: require(string)
	/var/www/lentacheb/data/www/lentacheb.devmill.ru/index.php:10
----------

2026-07-30 16:03:37 - Host: lentacheb.devmill.ru - UNCAUGHT_EXCEPTION - [Error] 
Call to undefined method CloudMill\App\Helpers\LayerManager::socialNetworks() (0)
/var/www/lentacheb/data/www/lentacheb.devmill.ru/local/templates/main/include/template/footer.php:125
#0: require
	/var/www/lentacheb/data/www/lentacheb.devmill.ru/local/templates/main/footer.php:6
#1: include_once(string)
	/var/www/lentacheb/data/www/lentacheb.devmill.ru/bitrix/modules/main/include/epilog_before.php:93
#2: require(string)
	/var/www/lentacheb/data/www/lentacheb.devmill.ru/bitrix/modules/main/include/epilog.php:2
#3: require_once(string)
	/var/www/lentacheb/data/www/lentacheb.devmill.ru/bitrix/footer.php:4
#4: require(string)
	/var/www/lentacheb/data/www/lentacheb.devmill.ru/404.php:12
#5: include_once(string)
	/var/www/lentacheb/data/www/lentacheb.devmill.ru/bitrix/urlrewrite.php:4
----------

2026-07-30 16:03:37 - Host: lentacheb.devmill.ru - UNCAUGHT_EXCEPTION - [Error] 
Call to undefined method CloudMill\App\Helpers\LayerManager::socialNetworks() (0)
/var/www/lentacheb/data/www/lentacheb.devmill.ru/local/templates/main/include/template/footer.php:125
#0: require
	/var/www/lentacheb/data/www/lentacheb.devmill.ru/local/templates/main/footer.php:6
#1: include_once(string)
	/var/www/lentacheb/data/www/lentacheb.devmill.ru/bitrix/modules/main/include/epilog_before.php:93
#2: require(string)
	/var/www/lentacheb/data/www/lentacheb.devmill.ru/bitrix/modules/main/include/epilog.php:2
#3: require_once(string)
	/var/www/lentacheb/data/www/lentacheb.devmill.ru/bitrix/footer.php:4
#4: require(string)
	/var/www/lentacheb/data/www/lentacheb.devmill.ru/404.php:12
#5: include_once(string)
	/var/www/lentacheb/data/www/lentacheb.devmill.ru/bitrix/urlrewrite.php:4
----------

2026-07-30 16:04:35 - Host: lentacheb.devmill.ru - UNCAUGHT_EXCEPTION - [Error] 
Call to undefined method CloudMill\App\Helpers\LayerManager::socialNetworks() (0)
/var/www/lentacheb/data/www/lentacheb.devmill.ru/local/templates/main/include/template/footer.php:125
#0: require
	/var/www/lentacheb/data/www/lentacheb.devmill.ru/local/templates/main/footer.php:6
#1: include_once(string)
	/var/www/lentacheb/data/www/lentacheb.devmill.ru/bitrix/modules/main/include/epilog_before.php:93
#2: require(string)
	/var/www/lentacheb/data/www/lentacheb.devmill.ru/bitrix/modules/main/include/epilog.php:2
#3: require_once(string)
	/var/www/lentacheb/data/www/lentacheb.devmill.ru/bitrix/footer.php:4
#4: require(string)
	/var/www/lentacheb/data/www/lentacheb.devmill.ru/about/certificates/index.php:9
----------

2026-07-30 16:06:11 - Host: lentacheb.devmill.ru - UNCAUGHT_EXCEPTION - [Error] 
Call to undefined method CloudMill\App\Helpers\LayerManager::socialNetworks() (0)
/var/www/lentacheb/data/www/lentacheb.devmill.ru/local/templates/main/include/template/footer.php:125
#0: require
	/var/www/lentacheb/data/www/lentacheb.devmill.ru/local/templates/main/footer.php:6
#1: include_once(string)
	/var/www/lentacheb/data/www/lentacheb.devmill.ru/bitrix/modules/main/include/epilog_before.php:93
#2: require(string)
	/var/www/lentacheb/data/www/lentacheb.devmill.ru/bitrix/modules/main/include/epilog.php:2
#3: require_once(string)
	/var/www/lentacheb/data/www/lentacheb.devmill.ru/bitrix/footer.php:4
#4: require(string)
	/var/www/lentacheb/data/www/lentacheb.devmill.ru/about/certificates/index.php:9
----------

2026-07-30 16:08:29 - Host: lentacheb.devmill.ru - UNCAUGHT_EXCEPTION - [Error] 
Call to undefined method CloudMill\App\Helpers\LayerManager::socialNetworks() (0)
/var/www/lentacheb/data/www/lentacheb.devmill.ru/local/templates/main/include/template/footer.php:125
#0: require
	/var/www/lentacheb/data/www/lentacheb.devmill.ru/local/templates/main/footer.php:6
#1: include_once(string)
	/var/www/lentacheb/data/www/lentacheb.devmill.ru/bitrix/modules/main/include/epilog_before.php:93
#2: require(string)
	/var/www/lentacheb/data/www/lentacheb.devmill.ru/bitrix/modules/main/include/epilog.php:2
#3: require_once(string)
	/var/www/lentacheb/data/www/lentacheb.devmill.ru/bitrix/footer.php:4
#4: require(string)
	/var/www/lentacheb/data/www/lentacheb.devmill.ru/about/certificates/index.php:9
----------

2026-07-30 16:13:00 - Host: lentacheb.devmill.ru - UNCAUGHT_EXCEPTION - [Error] 
Call to undefined method CloudMill\App\Helpers\LayerManager::socialNetworks() (0)
/var/www/lentacheb/data/www/lentacheb.devmill.ru/local/templates/main/include/template/footer.php:125
#0: require
	/var/www/lentacheb/data/www/lentacheb.devmill.ru/local/templates/main/footer.php:6
#1: include_once(string)
	/var/www/lentacheb/data/www/lentacheb.devmill.ru/bitrix/modules/main/include/epilog_before.php:93
#2: require(string)
	/var/www/lentacheb/data/www/lentacheb.devmill.ru/bitrix/modules/main/include/epilog.php:2
#3: require_once(string)
	/var/www/lentacheb/data/www/lentacheb.devmill.ru/bitrix/footer.php:4
#4: require(string)
	/var/www/lentacheb/data/www/lentacheb.devmill.ru/404.php:12
#5: include_once(string)
	/var/www/lentacheb/data/www/lentacheb.devmill.ru/bitrix/urlrewrite.php:4
----------

2026-07-30 16:14:24 - Host: lentacheb.devmill.ru - UNCAUGHT_EXCEPTION - [Error] 
Call to undefined method CloudMill\App\Helpers\LayerManager::socialNetworks() (0)
/var/www/lentacheb/data/www/lentacheb.devmill.ru/local/templates/main/include/template/footer.php:125
#0: require
	/var/www/lentacheb/data/www/lentacheb.devmill.ru/local/templates/main/footer.php:6
#1: include_once(string)
	/var/www/lentacheb/data/www/lentacheb.devmill.ru/bitrix/modules/main/include/epilog_before.php:93
#2: require(string)
	/var/www/lentacheb/data/www/lentacheb.devmill.ru/bitrix/modules/main/include/epilog.php:2
#3: require_once(string)
	/var/www/lentacheb/data/www/lentacheb.devmill.ru/bitrix/footer.php:4
#4: require(string)
	/var/www/lentacheb/data/www/lentacheb.devmill.ru/about/history/history-factory/index.php:9
----------

2026-07-30 16:14:25 - Host: lentacheb.devmill.ru - UNCAUGHT_EXCEPTION - [Error] 
Call to undefined method CloudMill\App\Helpers\LayerManager::socialNetworks() (0)
/var/www/lentacheb/data/www/lentacheb.devmill.ru/local/templates/main/include/template/footer.php:125
#0: require
	/var/www/lentacheb/data/www/lentacheb.devmill.ru/local/templates/main/footer.php:6
#1: include_once(string)
	/var/www/lentacheb/data/www/lentacheb.devmill.ru/bitrix/modules/main/include/epilog_before.php:93
#2: require(string)
	/var/www/lentacheb/data/www/lentacheb.devmill.ru/bitrix/modules/main/include/epilog.php:2
#3: require_once(string)
	/var/www/lentacheb/data/www/lentacheb.devmill.ru/bitrix/footer.php:4
#4: require(string)
	/var/www/lentacheb/data/www/lentacheb.devmill.ru/404.php:12
#5: include_once(string)
	/var/www/lentacheb/data/www/lentacheb.devmill.ru/bitrix/urlrewrite.php:4
----------

2026-07-30 16:14:26 - Host: lentacheb.devmill.ru - UNCAUGHT_EXCEPTION - [Error] 
Call to undefined method CloudMill\App\Helpers\LayerManager::socialNetworks() (0)
/var/www/lentacheb/data/www/lentacheb.devmill.ru/local/templates/main/include/template/footer.php:125
#0: require
	/var/www/lentacheb/data/www/lentacheb.devmill.ru/local/templates/main/footer.php:6
#1: include_once(string)
	/var/www/lentacheb/data/www/lentacheb.devmill.ru/bitrix/modules/main/include/epilog_before.php:93
#2: require(string)
	/var/www/lentacheb/data/www/lentacheb.devmill.ru/bitrix/modules/main/include/epilog.php:2
#3: require_once(string)
	/var/www/lentacheb/data/www/lentacheb.devmill.ru/bitrix/footer.php:4
#4: require(string)
	/var/www/lentacheb/data/www/lentacheb.devmill.ru/404.php:12
#5: include_once(string)
	/var/www/lentacheb/data/www/lentacheb.devmill.ru/bitrix/urlrewrite.php:4
----------

2026-07-30 16:14:26 - Host: lentacheb.devmill.ru - UNCAUGHT_EXCEPTION - [Error] 
Call to undefined method CloudMill\App\Helpers\LayerManager::socialNetworks() (0)
/var/www/lentacheb/data/www/lentacheb.devmill.ru/local/templates/main/include/template/footer.php:125
#0: require
	/var/www/lentacheb/data/www/lentacheb.devmill.ru/local/templates/main/footer.php:6
#1: include_once(string)
	/var/www/lentacheb/data/www/lentacheb.devmill.ru/bitrix/modules/main/include/epilog_before.php:93
#2: require(string)
	/var/www/lentacheb/data/www/lentacheb.devmill.ru/bitrix/modules/main/include/epilog.php:2
#3: require_once(string)
	/var/www/lentacheb/data/www/lentacheb.devmill.ru/bitrix/footer.php:4
#4: require(string)
	/var/www/lentacheb/data/www/lentacheb.devmill.ru/404.php:12
#5: include_once(string)
	/var/www/lentacheb/data/www/lentacheb.devmill.ru/bitrix/urlrewrite.php:4
----------

2026-07-30 16:16:40 - Host: lentacheb.devmill.ru - UNCAUGHT_EXCEPTION - [Error] 
Call to undefined method CloudMill\App\Helpers\LayerManager::socialNetworks() (0)
/var/www/lentacheb/data/www/lentacheb.devmill.ru/local/templates/main/include/template/footer.php:125
#0: require
	/var/www/lentacheb/data/www/lentacheb.devmill.ru/local/templates/main/footer.php:6
#1: include_once(string)
	/var/www/lentacheb/data/www/lentacheb.devmill.ru/bitrix/modules/main/include/epilog_before.php:93
#2: require(string)
	/var/www/lentacheb/data/www/lentacheb.devmill.ru/bitrix/modules/main/include/epilog.php:2
#3: require_once(string)
	/var/www/lentacheb/data/www/lentacheb.devmill.ru/bitrix/footer.php:4
#4: require(string)
	/var/www/lentacheb/data/www/lentacheb.devmill.ru/about/certificates/index.php:9
#5: include_once(string)
	/var/www/lentacheb/data/www/lentacheb.devmill.ru/bitrix/modules/main/include/urlrewrite.php:128
#6: include_once(string)
	/var/www/lentacheb/data/www/lentacheb.devmill.ru/bitrix/urlrewrite.php:2
----------

2026-07-30 16:16:45 - Host: lentacheb.devmill.ru - UNCAUGHT_EXCEPTION - [Error] 
Call to undefined method CloudMill\App\Helpers\LayerManager::socialNetworks() (0)
/var/www/lentacheb/data/www/lentacheb.devmill.ru/local/templates/main/include/template/footer.php:125
#0: require
	/var/www/lentacheb/data/www/lentacheb.devmill.ru/local/templates/main/footer.php:6
#1: include_once(string)
	/var/www/lentacheb/data/www/lentacheb.devmill.ru/bitrix/modules/main/include/epilog_before.php:93
#2: require(string)
	/var/www/lentacheb/data/www/lentacheb.devmill.ru/bitrix/modules/main/include/epilog.php:2
#3: require_once(string)
	/var/www/lentacheb/data/www/lentacheb.devmill.ru/bitrix/footer.php:4
#4: require(string)
	/var/www/lentacheb/data/www/lentacheb.devmill.ru/about/certificates/index.php:9
----------

2026-07-30 16:16:47 - Host: lentacheb.devmill.ru - UNCAUGHT_EXCEPTION - [Error] 
Call to undefined method CloudMill\App\Helpers\LayerManager::socialNetworks() (0)
/var/www/lentacheb/data/www/lentacheb.devmill.ru/local/templates/main/include/template/footer.php:125
#0: require
	/var/www/lentacheb/data/www/lentacheb.devmill.ru/local/templates/main/footer.php:6
#1: include_once(string)
	/var/www/lentacheb/data/www/lentacheb.devmill.ru/bitrix/modules/main/include/epilog_before.php:93
#2: require(string)
	/var/www/lentacheb/data/www/lentacheb.devmill.ru/bitrix/modules/main/include/epilog.php:2
#3: require_once(string)
	/var/www/lentacheb/data/www/lentacheb.devmill.ru/bitrix/footer.php:4
#4: require(string)
	/var/www/lentacheb/data/www/lentacheb.devmill.ru/about/certificates/index.php:9
#5: include_once(string)
	/var/www/lentacheb/data/www/lentacheb.devmill.ru/bitrix/modules/main/include/urlrewrite.php:128
#6: include_once(string)
	/var/www/lentacheb/data/www/lentacheb.devmill.ru/bitrix/urlrewrite.php:2
----------

2026-07-30 16:16:49 - Host: lentacheb.devmill.ru - UNCAUGHT_EXCEPTION - [Error] 
Call to undefined method CloudMill\App\Helpers\LayerManager::socialNetworks() (0)
/var/www/lentacheb/data/www/lentacheb.devmill.ru/local/templates/main/include/template/footer.php:125
#0: require
	/var/www/lentacheb/data/www/lentacheb.devmill.ru/local/templates/main/footer.php:6
#1: include_once(string)
	/var/www/lentacheb/data/www/lentacheb.devmill.ru/bitrix/modules/main/include/epilog_before.php:93
#2: require(string)
	/var/www/lentacheb/data/www/lentacheb.devmill.ru/bitrix/modules/main/include/epilog.php:2
#3: require_once(string)
	/var/www/lentacheb/data/www/lentacheb.devmill.ru/bitrix/footer.php:4
#4: require(string)
	/var/www/lentacheb/data/www/lentacheb.devmill.ru/about/certificates/index.php:9
#5: include_once(string)
	/var/www/lentacheb/data/www/lentacheb.devmill.ru/bitrix/modules/main/include/urlrewrite.php:128
#6: include_once(string)
	/var/www/lentacheb/data/www/lentacheb.devmill.ru/bitrix/urlrewrite.php:2
----------

2026-07-30 16:16:50 - Host: lentacheb.devmill.ru - UNCAUGHT_EXCEPTION - [Error] 
Call to undefined method CloudMill\App\Helpers\LayerManager::socialNetworks() (0)
/var/www/lentacheb/data/www/lentacheb.devmill.ru/local/templates/main/include/template/footer.php:125
#0: require
	/var/www/lentacheb/data/www/lentacheb.devmill.ru/local/templates/main/footer.php:6
#1: include_once(string)
	/var/www/lentacheb/data/www/lentacheb.devmill.ru/bitrix/modules/main/include/epilog_before.php:93
#2: require(string)
	/var/www/lentacheb/data/www/lentacheb.devmill.ru/bitrix/modules/main/include/epilog.php:2
#3: require_once(string)
	/var/www/lentacheb/data/www/lentacheb.devmill.ru/bitrix/footer.php:4
#4: require(string)
	/var/www/lentacheb/data/www/lentacheb.devmill.ru/about/certificates/index.php:9
#5: include_once(string)
	/var/www/lentacheb/data/www/lentacheb.devmill.ru/bitrix/modules/main/include/urlrewrite.php:128
#6: include_once(string)
	/var/www/lentacheb/data/www/lentacheb.devmill.ru/bitrix/urlrewrite.php:2
----------

2026-07-30 16:16:51 - Host: lentacheb.devmill.ru - UNCAUGHT_EXCEPTION - [Error] 
Call to undefined method CloudMill\App\Helpers\LayerManager::socialNetworks() (0)
/var/www/lentacheb/data/www/lentacheb.devmill.ru/local/templates/main/include/template/footer.php:125
#0: require
	/var/www/lentacheb/data/www/lentacheb.devmill.ru/local/templates/main/footer.php:6
#1: include_once(string)
	/var/www/lentacheb/data/www/lentacheb.devmill.ru/bitrix/modules/main/include/epilog_before.php:93
#2: require(string)
	/var/www/lentacheb/data/www/lentacheb.devmill.ru/bitrix/modules/main/include/epilog.php:2
#3: require_once(string)
	/var/www/lentacheb/data/www/lentacheb.devmill.ru/bitrix/footer.php:4
#4: require(string)
	/var/www/lentacheb/data/www/lentacheb.devmill.ru/about/certificates/index.php:9
#5: include_once(string)
	/var/www/lentacheb/data/www/lentacheb.devmill.ru/bitrix/modules/main/include/urlrewrite.php:128
#6: include_once(string)
	/var/www/lentacheb/data/www/lentacheb.devmill.ru/bitrix/urlrewrite.php:2
----------

2026-07-30 16:16:55 - Host: lentacheb.devmill.ru - UNCAUGHT_EXCEPTION - [Error] 
Call to undefined method CloudMill\App\Helpers\LayerManager::socialNetworks() (0)
/var/www/lentacheb/data/www/lentacheb.devmill.ru/local/templates/main/include/template/footer.php:125
#0: require
	/var/www/lentacheb/data/www/lentacheb.devmill.ru/local/templates/main/footer.php:6
#1: include_once(string)
	/var/www/lentacheb/data/www/lentacheb.devmill.ru/bitrix/modules/main/include/epilog_before.php:93
#2: require(string)
	/var/www/lentacheb/data/www/lentacheb.devmill.ru/bitrix/modules/main/include/epilog.php:2
#3: require_once(string)
	/var/www/lentacheb/data/www/lentacheb.devmill.ru/bitrix/footer.php:4
#4: require(string)
	/var/www/lentacheb/data/www/lentacheb.devmill.ru/about/certificates/index.php:9
#5: include_once(string)
	/var/www/lentacheb/data/www/lentacheb.devmill.ru/bitrix/modules/main/include/urlrewrite.php:128
#6: include_once(string)
	/var/www/lentacheb/data/www/lentacheb.devmill.ru/bitrix/urlrewrite.php:2
----------

2026-07-30 16:16:55 - Host: lentacheb.devmill.ru - UNCAUGHT_EXCEPTION - [Error] 
Call to undefined method CloudMill\App\Helpers\LayerManager::socialNetworks() (0)
/var/www/lentacheb/data/www/lentacheb.devmill.ru/local/templates/main/include/template/footer.php:125
#0: require
	/var/www/lentacheb/data/www/lentacheb.devmill.ru/local/templates/main/footer.php:6
#1: include_once(string)
	/var/www/lentacheb/data/www/lentacheb.devmill.ru/bitrix/modules/main/include/epilog_before.php:93
#2: require(string)
	/var/www/lentacheb/data/www/lentacheb.devmill.ru/bitrix/modules/main/include/epilog.php:2
#3: require_once(string)
	/var/www/lentacheb/data/www/lentacheb.devmill.ru/bitrix/footer.php:4
#4: require(string)
	/var/www/lentacheb/data/www/lentacheb.devmill.ru/about/certificates/index.php:9
#5: include_once(string)
	/var/www/lentacheb/data/www/lentacheb.devmill.ru/bitrix/modules/main/include/urlrewrite.php:128
#6: include_once(string)
	/var/www/lentacheb/data/www/lentacheb.devmill.ru/bitrix/urlrewrite.php:2
----------

2026-07-30 16:16:56 - Host: lentacheb.devmill.ru - UNCAUGHT_EXCEPTION - [Error] 
Call to undefined method CloudMill\App\Helpers\LayerManager::socialNetworks() (0)
/var/www/lentacheb/data/www/lentacheb.devmill.ru/local/templates/main/include/template/footer.php:125
#0: require
	/var/www/lentacheb/data/www/lentacheb.devmill.ru/local/templates/main/footer.php:6
#1: include_once(string)
	/var/www/lentacheb/data/www/lentacheb.devmill.ru/bitrix/modules/main/include/epilog_before.php:93
#2: require(string)
	/var/www/lentacheb/data/www/lentacheb.devmill.ru/bitrix/modules/main/include/epilog.php:2
#3: require_once(string)
	/var/www/lentacheb/data/www/lentacheb.devmill.ru/bitrix/footer.php:4
#4: require(string)
	/var/www/lentacheb/data/www/lentacheb.devmill.ru/about/certificates/index.php:9
#5: include_once(string)
	/var/www/lentacheb/data/www/lentacheb.devmill.ru/bitrix/modules/main/include/urlrewrite.php:128
#6: include_once(string)
	/var/www/lentacheb/data/www/lentacheb.devmill.ru/bitrix/urlrewrite.php:2
----------

2026-07-30 16:18:01 - Host: lentacheb.devmill.ru - UNCAUGHT_EXCEPTION - [Error] 
Call to undefined method CloudMill\App\Helpers\LayerManager::socialNetworks() (0)
/var/www/lentacheb/data/www/lentacheb.devmill.ru/local/templates/main/include/template/footer.php:125
#0: require
	/var/www/lentacheb/data/www/lentacheb.devmill.ru/local/templates/main/footer.php:6
#1: include_once(string)
	/var/www/lentacheb/data/www/lentacheb.devmill.ru/bitrix/modules/main/include/epilog_before.php:93
#2: require(string)
	/var/www/lentacheb/data/www/lentacheb.devmill.ru/bitrix/modules/main/include/epilog.php:2
#3: require_once(string)
	/var/www/lentacheb/data/www/lentacheb.devmill.ru/bitrix/footer.php:4
#4: require(string)
	/var/www/lentacheb/data/www/lentacheb.devmill.ru/about/certificates/index.php:9
#5: include_once(string)
	/var/www/lentacheb/data/www/lentacheb.devmill.ru/bitrix/modules/main/include/urlrewrite.php:128
#6: include_once(string)
	/var/www/lentacheb/data/www/lentacheb.devmill.ru/bitrix/urlrewrite.php:2
----------

2026-07-30 16:18:03 - Host: lentacheb.devmill.ru - UNCAUGHT_EXCEPTION - [Error] 
Call to undefined method CloudMill\App\Helpers\LayerManager::socialNetworks() (0)
/var/www/lentacheb/data/www/lentacheb.devmill.ru/local/templates/main/include/template/footer.php:125
#0: require
	/var/www/lentacheb/data/www/lentacheb.devmill.ru/local/templates/main/footer.php:6
#1: include_once(string)
	/var/www/lentacheb/data/www/lentacheb.devmill.ru/bitrix/modules/main/include/epilog_before.php:93
#2: require(string)
	/var/www/lentacheb/data/www/lentacheb.devmill.ru/bitrix/modules/main/include/epilog.php:2
#3: require_once(string)
	/var/www/lentacheb/data/www/lentacheb.devmill.ru/bitrix/footer.php:4
#4: require(string)
	/var/www/lentacheb/data/www/lentacheb.devmill.ru/index.php:10
----------

2026-07-30 16:18:05 - Host: lentacheb.devmill.ru - UNCAUGHT_EXCEPTION - [Error] 
Call to undefined method CloudMill\App\Helpers\LayerManager::socialNetworks() (0)
/var/www/lentacheb/data/www/lentacheb.devmill.ru/local/templates/main/include/template/footer.php:125
#0: require
	/var/www/lentacheb/data/www/lentacheb.devmill.ru/local/templates/main/footer.php:6
#1: include_once(string)
	/var/www/lentacheb/data/www/lentacheb.devmill.ru/bitrix/modules/main/include/epilog_before.php:93
#2: require(string)
	/var/www/lentacheb/data/www/lentacheb.devmill.ru/bitrix/modules/main/include/epilog.php:2
#3: require_once(string)
	/var/www/lentacheb/data/www/lentacheb.devmill.ru/bitrix/footer.php:4
#4: require(string)
	/var/www/lentacheb/data/www/lentacheb.devmill.ru/about/certificates/index.php:9
#5: include_once(string)
	/var/www/lentacheb/data/www/lentacheb.devmill.ru/bitrix/modules/main/include/urlrewrite.php:128
#6: include_once(string)
	/var/www/lentacheb/data/www/lentacheb.devmill.ru/bitrix/urlrewrite.php:2
----------

2026-07-30 16:19:35 - Host: lentacheb.devmill.ru - UNCAUGHT_EXCEPTION - [Error] 
Call to undefined method CloudMill\App\Helpers\LayerManager::socialNetworks() (0)
/var/www/lentacheb/data/www/lentacheb.devmill.ru/local/templates/main/include/template/footer.php:125
#0: require
	/var/www/lentacheb/data/www/lentacheb.devmill.ru/local/templates/main/footer.php:6
#1: include_once(string)
	/var/www/lentacheb/data/www/lentacheb.devmill.ru/bitrix/modules/main/include/epilog_before.php:93
#2: require(string)
	/var/www/lentacheb/data/www/lentacheb.devmill.ru/bitrix/modules/main/include/epilog.php:2
#3: require_once(string)
	/var/www/lentacheb/data/www/lentacheb.devmill.ru/bitrix/footer.php:4
#4: require(string)
	/var/www/lentacheb/data/www/lentacheb.devmill.ru/about/certificates/index.php:9
#5: include_once(string)
	/var/www/lentacheb/data/www/lentacheb.devmill.ru/bitrix/modules/main/include/urlrewrite.php:128
#6: include_once(string)
	/var/www/lentacheb/data/www/lentacheb.devmill.ru/bitrix/urlrewrite.php:2
----------

2026-07-30 16:19:36 - Host: lentacheb.devmill.ru - UNCAUGHT_EXCEPTION - [Error] 
Call to undefined method CloudMill\App\Helpers\LayerManager::socialNetworks() (0)
/var/www/lentacheb/data/www/lentacheb.devmill.ru/local/templates/main/include/template/footer.php:125
#0: require
	/var/www/lentacheb/data/www/lentacheb.devmill.ru/local/templates/main/footer.php:6
#1: include_once(string)
	/var/www/lentacheb/data/www/lentacheb.devmill.ru/bitrix/modules/main/include/epilog_before.php:93
#2: require(string)
	/var/www/lentacheb/data/www/lentacheb.devmill.ru/bitrix/modules/main/include/epilog.php:2
#3: require_once(string)
	/var/www/lentacheb/data/www/lentacheb.devmill.ru/bitrix/footer.php:4
#4: require(string)
	/var/www/lentacheb/data/www/lentacheb.devmill.ru/about/certificates/index.php:9
#5: include_once(string)
	/var/www/lentacheb/data/www/lentacheb.devmill.ru/bitrix/modules/main/include/urlrewrite.php:128
#6: include_once(string)
	/var/www/lentacheb/data/www/lentacheb.devmill.ru/bitrix/urlrewrite.php:2
----------

2026-07-30 16:19:37 - Host: lentacheb.devmill.ru - UNCAUGHT_EXCEPTION - [Error] 
Call to undefined method CloudMill\App\Helpers\LayerManager::socialNetworks() (0)
/var/www/lentacheb/data/www/lentacheb.devmill.ru/local/templates/main/include/template/footer.php:125
#0: require
	/var/www/lentacheb/data/www/lentacheb.devmill.ru/local/templates/main/footer.php:6
#1: include_once(string)
	/var/www/lentacheb/data/www/lentacheb.devmill.ru/bitrix/modules/main/include/epilog_before.php:93
#2: require(string)
	/var/www/lentacheb/data/www/lentacheb.devmill.ru/bitrix/modules/main/include/epilog.php:2
#3: require_once(string)
	/var/www/lentacheb/data/www/lentacheb.devmill.ru/bitrix/footer.php:4
#4: require(string)
	/var/www/lentacheb/data/www/lentacheb.devmill.ru/about/certificates/index.php:9
----------

2026-07-30 16:19:37 - Host: lentacheb.devmill.ru - UNCAUGHT_EXCEPTION - [Error] 
Call to undefined method CloudMill\App\Helpers\LayerManager::socialNetworks() (0)
/var/www/lentacheb/data/www/lentacheb.devmill.ru/local/templates/main/include/template/footer.php:125
#0: require
	/var/www/lentacheb/data/www/lentacheb.devmill.ru/local/templates/main/footer.php:6
#1: include_once(string)
	/var/www/lentacheb/data/www/lentacheb.devmill.ru/bitrix/modules/main/include/epilog_before.php:93
#2: require(string)
	/var/www/lentacheb/data/www/lentacheb.devmill.ru/bitrix/modules/main/include/epilog.php:2
#3: require_once(string)
	/var/www/lentacheb/data/www/lentacheb.devmill.ru/bitrix/footer.php:4
#4: require(string)
	/var/www/lentacheb/data/www/lentacheb.devmill.ru/about/certificates/index.php:9
#5: include_once(string)
	/var/www/lentacheb/data/www/lentacheb.devmill.ru/bitrix/modules/main/include/urlrewrite.php:128
#6: include_once(string)
	/var/www/lentacheb/data/www/lentacheb.devmill.ru/bitrix/urlrewrite.php:2
----------

2026-07-30 16:19:38 - Host: lentacheb.devmill.ru - UNCAUGHT_EXCEPTION - [Error] 
Call to undefined method CloudMill\App\Helpers\LayerManager::socialNetworks() (0)
/var/www/lentacheb/data/www/lentacheb.devmill.ru/local/templates/main/include/template/footer.php:125
#0: require
	/var/www/lentacheb/data/www/lentacheb.devmill.ru/local/templates/main/footer.php:6
#1: include_once(string)
	/var/www/lentacheb/data/www/lentacheb.devmill.ru/bitrix/modules/main/include/epilog_before.php:93
#2: require(string)
	/var/www/lentacheb/data/www/lentacheb.devmill.ru/bitrix/modules/main/include/epilog.php:2
#3: require_once(string)
	/var/www/lentacheb/data/www/lentacheb.devmill.ru/bitrix/footer.php:4
#4: require(string)
	/var/www/lentacheb/data/www/lentacheb.devmill.ru/about/certificates/index.php:9
#5: include_once(string)
	/var/www/lentacheb/data/www/lentacheb.devmill.ru/bitrix/modules/main/include/urlrewrite.php:128
#6: include_once(string)
	/var/www/lentacheb/data/www/lentacheb.devmill.ru/bitrix/urlrewrite.php:2
----------

2026-07-30 16:19:39 - Host: lentacheb.devmill.ru - UNCAUGHT_EXCEPTION - [Error] 
Call to undefined method CloudMill\App\Helpers\LayerManager::socialNetworks() (0)
/var/www/lentacheb/data/www/lentacheb.devmill.ru/local/templates/main/include/template/footer.php:125
#0: require
	/var/www/lentacheb/data/www/lentacheb.devmill.ru/local/templates/main/footer.php:6
#1: include_once(string)
	/var/www/lentacheb/data/www/lentacheb.devmill.ru/bitrix/modules/main/include/epilog_before.php:93
#2: require(string)
	/var/www/lentacheb/data/www/lentacheb.devmill.ru/bitrix/modules/main/include/epilog.php:2
#3: require_once(string)
	/var/www/lentacheb/data/www/lentacheb.devmill.ru/bitrix/footer.php:4
#4: require(string)
	/var/www/lentacheb/data/www/lentacheb.devmill.ru/about/certificates/index.php:9
#5: include_once(string)
	/var/www/lentacheb/data/www/lentacheb.devmill.ru/bitrix/modules/main/include/urlrewrite.php:128
#6: include_once(string)
	/var/www/lentacheb/data/www/lentacheb.devmill.ru/bitrix/urlrewrite.php:2
----------

2026-07-30 16:19:39 - Host: lentacheb.devmill.ru - UNCAUGHT_EXCEPTION - [Error] 
Call to undefined method CloudMill\App\Helpers\LayerManager::socialNetworks() (0)
/var/www/lentacheb/data/www/lentacheb.devmill.ru/local/templates/main/include/template/footer.php:125
#0: require
	/var/www/lentacheb/data/www/lentacheb.devmill.ru/local/templates/main/footer.php:6
#1: include_once(string)
	/var/www/lentacheb/data/www/lentacheb.devmill.ru/bitrix/modules/main/include/epilog_before.php:93
#2: require(string)
	/var/www/lentacheb/data/www/lentacheb.devmill.ru/bitrix/modules/main/include/epilog.php:2
#3: require_once(string)
	/var/www/lentacheb/data/www/lentacheb.devmill.ru/bitrix/footer.php:4
#4: require(string)
	/var/www/lentacheb/data/www/lentacheb.devmill.ru/about/certificates/index.php:9
#5: include_once(string)
	/var/www/lentacheb/data/www/lentacheb.devmill.ru/bitrix/modules/main/include/urlrewrite.php:128
#6: include_once(string)
	/var/www/lentacheb/data/www/lentacheb.devmill.ru/bitrix/urlrewrite.php:2
----------

2026-07-30 16:19:48 - Host: lentacheb.devmill.ru - UNCAUGHT_EXCEPTION - [Error] 
Call to undefined method CloudMill\App\Helpers\LayerManager::socialNetworks() (0)
/var/www/lentacheb/data/www/lentacheb.devmill.ru/local/templates/main/include/template/footer.php:125
#0: require
	/var/www/lentacheb/data/www/lentacheb.devmill.ru/local/templates/main/footer.php:6
#1: include_once(string)
	/var/www/lentacheb/data/www/lentacheb.devmill.ru/bitrix/modules/main/include/epilog_before.php:93
#2: require(string)
	/var/www/lentacheb/data/www/lentacheb.devmill.ru/bitrix/modules/main/include/epilog.php:2
#3: require_once(string)
	/var/www/lentacheb/data/www/lentacheb.devmill.ru/bitrix/footer.php:4
#4: require(string)
	/var/www/lentacheb/data/www/lentacheb.devmill.ru/about/certificates/index.php:9
#5: include_once(string)
	/var/www/lentacheb/data/www/lentacheb.devmill.ru/bitrix/modules/main/include/urlrewrite.php:128
#6: include_once(string)
	/var/www/lentacheb/data/www/lentacheb.devmill.ru/bitrix/urlrewrite.php:2
----------

2026-07-30 16:19:50 - Host: lentacheb.devmill.ru - UNCAUGHT_EXCEPTION - [Error] 
Call to undefined method CloudMill\App\Helpers\LayerManager::socialNetworks() (0)
/var/www/lentacheb/data/www/lentacheb.devmill.ru/local/templates/main/include/template/footer.php:125
#0: require
	/var/www/lentacheb/data/www/lentacheb.devmill.ru/local/templates/main/footer.php:6
#1: include_once(string)
	/var/www/lentacheb/data/www/lentacheb.devmill.ru/bitrix/modules/main/include/epilog_before.php:93
#2: require(string)
	/var/www/lentacheb/data/www/lentacheb.devmill.ru/bitrix/modules/main/include/epilog.php:2
#3: require_once(string)
	/var/www/lentacheb/data/www/lentacheb.devmill.ru/bitrix/footer.php:4
#4: require(string)
	/var/www/lentacheb/data/www/lentacheb.devmill.ru/about/certificates/index.php:9
#5: include_once(string)
	/var/www/lentacheb/data/www/lentacheb.devmill.ru/bitrix/modules/main/include/urlrewrite.php:128
#6: include_once(string)
	/var/www/lentacheb/data/www/lentacheb.devmill.ru/bitrix/urlrewrite.php:2
----------

2026-07-30 16:22:16 - Host: lentacheb.devmill.ru - UNCAUGHT_EXCEPTION - [Error] 
Call to undefined method CloudMill\App\Helpers\LayerManager::socialNetworks() (0)
/var/www/lentacheb/data/www/lentacheb.devmill.ru/local/templates/main/include/template/footer.php:125
#0: require
	/var/www/lentacheb/data/www/lentacheb.devmill.ru/local/templates/main/footer.php:6
#1: include_once(string)
	/var/www/lentacheb/data/www/lentacheb.devmill.ru/bitrix/modules/main/include/epilog_before.php:93
#2: require(string)
	/var/www/lentacheb/data/www/lentacheb.devmill.ru/bitrix/modules/main/include/epilog.php:2
#3: require_once(string)
	/var/www/lentacheb/data/www/lentacheb.devmill.ru/bitrix/footer.php:4
#4: require(string)
	/var/www/lentacheb/data/www/lentacheb.devmill.ru/about/certificates/index.php:9
#5: include_once(string)
	/var/www/lentacheb/data/www/lentacheb.devmill.ru/bitrix/modules/main/include/urlrewrite.php:128
#6: include_once(string)
	/var/www/lentacheb/data/www/lentacheb.devmill.ru/bitrix/urlrewrite.php:2
----------

2026-07-30 16:22:17 - Host: lentacheb.devmill.ru - UNCAUGHT_EXCEPTION - [Error] 
Call to undefined method CloudMill\App\Helpers\LayerManager::socialNetworks() (0)
/var/www/lentacheb/data/www/lentacheb.devmill.ru/local/templates/main/include/template/footer.php:125
#0: require
	/var/www/lentacheb/data/www/lentacheb.devmill.ru/local/templates/main/footer.php:6
#1: include_once(string)
	/var/www/lentacheb/data/www/lentacheb.devmill.ru/bitrix/modules/main/include/epilog_before.php:93
#2: require(string)
	/var/www/lentacheb/data/www/lentacheb.devmill.ru/bitrix/modules/main/include/epilog.php:2
#3: require_once(string)
	/var/www/lentacheb/data/www/lentacheb.devmill.ru/bitrix/footer.php:4
#4: require(string)
	/var/www/lentacheb/data/www/lentacheb.devmill.ru/about/certificates/index.php:9
#5: include_once(string)
	/var/www/lentacheb/data/www/lentacheb.devmill.ru/bitrix/modules/main/include/urlrewrite.php:128
#6: include_once(string)
	/var/www/lentacheb/data/www/lentacheb.devmill.ru/bitrix/urlrewrite.php:2
----------

2026-07-30 16:22:18 - Host: lentacheb.devmill.ru - UNCAUGHT_EXCEPTION - [Error] 
Call to undefined method CloudMill\App\Helpers\LayerManager::socialNetworks() (0)
/var/www/lentacheb/data/www/lentacheb.devmill.ru/local/templates/main/include/template/footer.php:125
#0: require
	/var/www/lentacheb/data/www/lentacheb.devmill.ru/local/templates/main/footer.php:6
#1: include_once(string)
	/var/www/lentacheb/data/www/lentacheb.devmill.ru/bitrix/modules/main/include/epilog_before.php:93
#2: require(string)
	/var/www/lentacheb/data/www/lentacheb.devmill.ru/bitrix/modules/main/include/epilog.php:2
#3: require_once(string)
	/var/www/lentacheb/data/www/lentacheb.devmill.ru/bitrix/footer.php:4
#4: require(string)
	/var/www/lentacheb/data/www/lentacheb.devmill.ru/about/certificates/index.php:9
#5: include_once(string)
	/var/www/lentacheb/data/www/lentacheb.devmill.ru/bitrix/modules/main/include/urlrewrite.php:128
#6: include_once(string)
	/var/www/lentacheb/data/www/lentacheb.devmill.ru/bitrix/urlrewrite.php:2
----------

2026-07-30 16:22:26 - Host: lentacheb.devmill.ru - UNCAUGHT_EXCEPTION - [Error] 
Call to undefined method CloudMill\App\Helpers\LayerManager::socialNetworks() (0)
/var/www/lentacheb/data/www/lentacheb.devmill.ru/local/templates/main/include/template/footer.php:125
#0: require
	/var/www/lentacheb/data/www/lentacheb.devmill.ru/local/templates/main/footer.php:6
#1: include_once(string)
	/var/www/lentacheb/data/www/lentacheb.devmill.ru/bitrix/modules/main/include/epilog_before.php:93
#2: require(string)
	/var/www/lentacheb/data/www/lentacheb.devmill.ru/bitrix/modules/main/include/epilog.php:2
#3: require_once(string)
	/var/www/lentacheb/data/www/lentacheb.devmill.ru/bitrix/footer.php:4
#4: require(string)
	/var/www/lentacheb/data/www/lentacheb.devmill.ru/about/certificates/index.php:9
----------

2026-07-30 16:22:41 - Host: lentacheb.devmill.ru - UNCAUGHT_EXCEPTION - [Error] 
Call to undefined method CloudMill\App\Helpers\LayerManager::socialNetworks() (0)
/var/www/lentacheb/data/www/lentacheb.devmill.ru/local/templates/main/include/template/footer.php:125
#0: require
	/var/www/lentacheb/data/www/lentacheb.devmill.ru/local/templates/main/footer.php:6
#1: include_once(string)
	/var/www/lentacheb/data/www/lentacheb.devmill.ru/bitrix/modules/main/include/epilog_before.php:93
#2: require(string)
	/var/www/lentacheb/data/www/lentacheb.devmill.ru/bitrix/modules/main/include/epilog.php:2
#3: require_once(string)
	/var/www/lentacheb/data/www/lentacheb.devmill.ru/bitrix/footer.php:4
#4: require(string)
	/var/www/lentacheb/data/www/lentacheb.devmill.ru/about/certificates/index.php:9
----------

2026-07-30 16:23:34 - Host: lentacheb.devmill.ru - UNCAUGHT_EXCEPTION - [Error] 
Call to undefined method CloudMill\App\Helpers\LayerManager::socialNetworks() (0)
/var/www/lentacheb/data/www/lentacheb.devmill.ru/local/templates/main/include/template/footer.php:125
#0: require
	/var/www/lentacheb/data/www/lentacheb.devmill.ru/local/templates/main/footer.php:6
#1: include_once(string)
	/var/www/lentacheb/data/www/lentacheb.devmill.ru/bitrix/modules/main/include/epilog_before.php:93
#2: require(string)
	/var/www/lentacheb/data/www/lentacheb.devmill.ru/bitrix/modules/main/include/epilog.php:2
#3: require_once(string)
	/var/www/lentacheb/data/www/lentacheb.devmill.ru/bitrix/footer.php:4
#4: require(string)
	/var/www/lentacheb/data/www/lentacheb.devmill.ru/about/history/history-factory/index.php:9
----------

2026-07-30 16:23:53 - Host: lentacheb.devmill.ru - UNCAUGHT_EXCEPTION - [Error] 
Call to undefined method CloudMill\App\Helpers\LayerManager::socialNetworks() (0)
/var/www/lentacheb/data/www/lentacheb.devmill.ru/local/templates/main/include/template/footer.php:125
#0: require
	/var/www/lentacheb/data/www/lentacheb.devmill.ru/local/templates/main/footer.php:6
#1: include_once(string)
	/var/www/lentacheb/data/www/lentacheb.devmill.ru/bitrix/modules/main/include/epilog_before.php:93
#2: require(string)
	/var/www/lentacheb/data/www/lentacheb.devmill.ru/bitrix/modules/main/include/epilog.php:2
#3: require_once(string)
	/var/www/lentacheb/data/www/lentacheb.devmill.ru/bitrix/footer.php:4
#4: require(string)
	/var/www/lentacheb/data/www/lentacheb.devmill.ru/about/history/history-factory/index.php:9
----------

2026-07-30 16:24:20 - Host: lentacheb.devmill.ru - UNCAUGHT_EXCEPTION - [Error] 
Call to undefined method CloudMill\App\Helpers\LayerManager::socialNetworks() (0)
/var/www/lentacheb/data/www/lentacheb.devmill.ru/local/templates/main/include/template/footer.php:125
#0: require
	/var/www/lentacheb/data/www/lentacheb.devmill.ru/local/templates/main/footer.php:6
#1: include_once(string)
	/var/www/lentacheb/data/www/lentacheb.devmill.ru/bitrix/modules/main/include/epilog_before.php:93
#2: require(string)
	/var/www/lentacheb/data/www/lentacheb.devmill.ru/bitrix/modules/main/include/epilog.php:2
#3: require_once(string)
	/var/www/lentacheb/data/www/lentacheb.devmill.ru/bitrix/footer.php:4
#4: require(string)
	/var/www/lentacheb/data/www/lentacheb.devmill.ru/about/certificates/index.php:9
----------

2026-07-30 16:24:20 - Host: lentacheb.devmill.ru - UNCAUGHT_EXCEPTION - [Error] 
Call to undefined method CloudMill\App\Helpers\LayerManager::socialNetworks() (0)
/var/www/lentacheb/data/www/lentacheb.devmill.ru/local/templates/main/include/template/footer.php:125
#0: require
	/var/www/lentacheb/data/www/lentacheb.devmill.ru/local/templates/main/footer.php:6
#1: include_once(string)
	/var/www/lentacheb/data/www/lentacheb.devmill.ru/bitrix/modules/main/include/epilog_before.php:93
#2: require(string)
	/var/www/lentacheb/data/www/lentacheb.devmill.ru/bitrix/modules/main/include/epilog.php:2
#3: require_once(string)
	/var/www/lentacheb/data/www/lentacheb.devmill.ru/bitrix/footer.php:4
#4: require(string)
	/var/www/lentacheb/data/www/lentacheb.devmill.ru/about/history/history-factory/index.php:9
----------

2026-07-30 16:24:25 - Host: lentacheb.devmill.ru - UNCAUGHT_EXCEPTION - [Error] 
Call to undefined method CloudMill\App\Helpers\LayerManager::socialNetworks() (0)
/var/www/lentacheb/data/www/lentacheb.devmill.ru/local/templates/main/include/template/footer.php:125
#0: require
	/var/www/lentacheb/data/www/lentacheb.devmill.ru/local/templates/main/footer.php:6
#1: include_once(string)
	/var/www/lentacheb/data/www/lentacheb.devmill.ru/bitrix/modules/main/include/epilog_before.php:93
#2: require(string)
	/var/www/lentacheb/data/www/lentacheb.devmill.ru/bitrix/modules/main/include/epilog.php:2
#3: require_once(string)
	/var/www/lentacheb/data/www/lentacheb.devmill.ru/bitrix/footer.php:4
#4: require(string)
	/var/www/lentacheb/data/www/lentacheb.devmill.ru/about/certificates/index.php:9
----------

2026-07-30 16:24:26 - Host: lentacheb.devmill.ru - UNCAUGHT_EXCEPTION - [Error] 
Call to undefined method CloudMill\App\Helpers\LayerManager::socialNetworks() (0)
/var/www/lentacheb/data/www/lentacheb.devmill.ru/local/templates/main/include/template/footer.php:125
#0: require
	/var/www/lentacheb/data/www/lentacheb.devmill.ru/local/templates/main/footer.php:6
#1: include_once(string)
	/var/www/lentacheb/data/www/lentacheb.devmill.ru/bitrix/modules/main/include/epilog_before.php:93
#2: require(string)
	/var/www/lentacheb/data/www/lentacheb.devmill.ru/bitrix/modules/main/include/epilog.php:2
#3: require_once(string)
	/var/www/lentacheb/data/www/lentacheb.devmill.ru/bitrix/footer.php:4
#4: require(string)
	/var/www/lentacheb/data/www/lentacheb.devmill.ru/about/certificates/index.php:9
----------

2026-07-30 16:24:34 - Host: lentacheb.devmill.ru - UNCAUGHT_EXCEPTION - [Error] 
Call to undefined method CloudMill\App\Helpers\LayerManager::socialNetworks() (0)
/var/www/lentacheb/data/www/lentacheb.devmill.ru/local/templates/main/include/template/footer.php:125
#0: require
	/var/www/lentacheb/data/www/lentacheb.devmill.ru/local/templates/main/footer.php:6
#1: include_once(string)
	/var/www/lentacheb/data/www/lentacheb.devmill.ru/bitrix/modules/main/include/epilog_before.php:93
#2: require(string)
	/var/www/lentacheb/data/www/lentacheb.devmill.ru/bitrix/modules/main/include/epilog.php:2
#3: require_once(string)
	/var/www/lentacheb/data/www/lentacheb.devmill.ru/bitrix/footer.php:4
#4: require(string)
	/var/www/lentacheb/data/www/lentacheb.devmill.ru/about/certificates/index.php:9
----------

2026-07-30 16:24:35 - Host: lentacheb.devmill.ru - UNCAUGHT_EXCEPTION - [Error] 
Call to undefined method CloudMill\App\Helpers\LayerManager::socialNetworks() (0)
/var/www/lentacheb/data/www/lentacheb.devmill.ru/local/templates/main/include/template/footer.php:125
#0: require
	/var/www/lentacheb/data/www/lentacheb.devmill.ru/local/templates/main/footer.php:6
#1: include_once(string)
	/var/www/lentacheb/data/www/lentacheb.devmill.ru/bitrix/modules/main/include/epilog_before.php:93
#2: require(string)
	/var/www/lentacheb/data/www/lentacheb.devmill.ru/bitrix/modules/main/include/epilog.php:2
#3: require_once(string)
	/var/www/lentacheb/data/www/lentacheb.devmill.ru/bitrix/footer.php:4
#4: require(string)
	/var/www/lentacheb/data/www/lentacheb.devmill.ru/about/certificates/index.php:9
----------

2026-07-30 16:25:00 - Host: lentacheb.devmill.ru - UNCAUGHT_EXCEPTION - [Error] 
Call to undefined method CloudMill\App\Helpers\LayerManager::socialNetworks() (0)
/var/www/lentacheb/data/www/lentacheb.devmill.ru/local/templates/main/include/template/footer.php:125
#0: require
	/var/www/lentacheb/data/www/lentacheb.devmill.ru/local/templates/main/footer.php:6
#1: include_once(string)
	/var/www/lentacheb/data/www/lentacheb.devmill.ru/bitrix/modules/main/include/epilog_before.php:93
#2: require(string)
	/var/www/lentacheb/data/www/lentacheb.devmill.ru/bitrix/modules/main/include/epilog.php:2
#3: require_once(string)
	/var/www/lentacheb/data/www/lentacheb.devmill.ru/bitrix/footer.php:4
#4: require(string)
	/var/www/lentacheb/data/www/lentacheb.devmill.ru/about/history/history-factory/index.php:9
----------

2026-07-30 16:25:00 - Host: lentacheb.devmill.ru - UNCAUGHT_EXCEPTION - [Error] 
Call to undefined method CloudMill\App\Helpers\LayerManager::socialNetworks() (0)
/var/www/lentacheb/data/www/lentacheb.devmill.ru/local/templates/main/include/template/footer.php:125
#0: require
	/var/www/lentacheb/data/www/lentacheb.devmill.ru/local/templates/main/footer.php:6
#1: include_once(string)
	/var/www/lentacheb/data/www/lentacheb.devmill.ru/bitrix/modules/main/include/epilog_before.php:93
#2: require(string)
	/var/www/lentacheb/data/www/lentacheb.devmill.ru/bitrix/modules/main/include/epilog.php:2
#3: require_once(string)
	/var/www/lentacheb/data/www/lentacheb.devmill.ru/bitrix/footer.php:4
#4: require(string)
	/var/www/lentacheb/data/www/lentacheb.devmill.ru/404.php:12
#5: include_once(string)
	/var/www/lentacheb/data/www/lentacheb.devmill.ru/bitrix/urlrewrite.php:4
----------

2026-07-30 16:25:01 - Host: lentacheb.devmill.ru - UNCAUGHT_EXCEPTION - [Error] 
Call to undefined method CloudMill\App\Helpers\LayerManager::socialNetworks() (0)
/var/www/lentacheb/data/www/lentacheb.devmill.ru/local/templates/main/include/template/footer.php:125
#0: require
	/var/www/lentacheb/data/www/lentacheb.devmill.ru/local/templates/main/footer.php:6
#1: include_once(string)
	/var/www/lentacheb/data/www/lentacheb.devmill.ru/bitrix/modules/main/include/epilog_before.php:93
#2: require(string)
	/var/www/lentacheb/data/www/lentacheb.devmill.ru/bitrix/modules/main/include/epilog.php:2
#3: require_once(string)
	/var/www/lentacheb/data/www/lentacheb.devmill.ru/bitrix/footer.php:4
#4: require(string)
	/var/www/lentacheb/data/www/lentacheb.devmill.ru/404.php:12
#5: include_once(string)
	/var/www/lentacheb/data/www/lentacheb.devmill.ru/bitrix/urlrewrite.php:4
----------

2026-07-30 16:25:01 - Host: lentacheb.devmill.ru - UNCAUGHT_EXCEPTION - [Error] 
Call to undefined method CloudMill\App\Helpers\LayerManager::socialNetworks() (0)
/var/www/lentacheb/data/www/lentacheb.devmill.ru/local/templates/main/include/template/footer.php:125
#0: require
	/var/www/lentacheb/data/www/lentacheb.devmill.ru/local/templates/main/footer.php:6
#1: include_once(string)
	/var/www/lentacheb/data/www/lentacheb.devmill.ru/bitrix/modules/main/include/epilog_before.php:93
#2: require(string)
	/var/www/lentacheb/data/www/lentacheb.devmill.ru/bitrix/modules/main/include/epilog.php:2
#3: require_once(string)
	/var/www/lentacheb/data/www/lentacheb.devmill.ru/bitrix/footer.php:4
#4: require(string)
	/var/www/lentacheb/data/www/lentacheb.devmill.ru/404.php:12
#5: include_once(string)
	/var/www/lentacheb/data/www/lentacheb.devmill.ru/bitrix/urlrewrite.php:4
----------

2026-07-30 16:25:04 - Host: lentacheb.devmill.ru - UNCAUGHT_EXCEPTION - [Error] 
Call to undefined method CloudMill\App\Helpers\LayerManager::socialNetworks() (0)
/var/www/lentacheb/data/www/lentacheb.devmill.ru/local/templates/main/include/template/footer.php:125
#0: require
	/var/www/lentacheb/data/www/lentacheb.devmill.ru/local/templates/main/footer.php:6
#1: include_once(string)
	/var/www/lentacheb/data/www/lentacheb.devmill.ru/bitrix/modules/main/include/epilog_before.php:93
#2: require(string)
	/var/www/lentacheb/data/www/lentacheb.devmill.ru/bitrix/modules/main/include/epilog.php:2
#3: require_once(string)
	/var/www/lentacheb/data/www/lentacheb.devmill.ru/bitrix/footer.php:4
#4: require(string)
	/var/www/lentacheb/data/www/lentacheb.devmill.ru/about/company/index.php:9
----------

2026-07-30 16:25:05 - Host: lentacheb.devmill.ru - UNCAUGHT_EXCEPTION - [Error] 
Call to undefined method CloudMill\App\Helpers\LayerManager::socialNetworks() (0)
/var/www/lentacheb/data/www/lentacheb.devmill.ru/local/templates/main/include/template/footer.php:125
#0: require
	/var/www/lentacheb/data/www/lentacheb.devmill.ru/local/templates/main/footer.php:6
#1: include_once(string)
	/var/www/lentacheb/data/www/lentacheb.devmill.ru/bitrix/modules/main/include/epilog_before.php:93
#2: require(string)
	/var/www/lentacheb/data/www/lentacheb.devmill.ru/bitrix/modules/main/include/epilog.php:2
#3: require_once(string)
	/var/www/lentacheb/data/www/lentacheb.devmill.ru/bitrix/footer.php:4
#4: require(string)
	/var/www/lentacheb/data/www/lentacheb.devmill.ru/404.php:12
#5: include_once(string)
	/var/www/lentacheb/data/www/lentacheb.devmill.ru/bitrix/urlrewrite.php:4
----------

2026-07-30 16:25:05 - Host: lentacheb.devmill.ru - UNCAUGHT_EXCEPTION - [Error] 
Call to undefined method CloudMill\App\Helpers\LayerManager::socialNetworks() (0)
/var/www/lentacheb/data/www/lentacheb.devmill.ru/local/templates/main/include/template/footer.php:125
#0: require
	/var/www/lentacheb/data/www/lentacheb.devmill.ru/local/templates/main/footer.php:6
#1: include_once(string)
	/var/www/lentacheb/data/www/lentacheb.devmill.ru/bitrix/modules/main/include/epilog_before.php:93
#2: require(string)
	/var/www/lentacheb/data/www/lentacheb.devmill.ru/bitrix/modules/main/include/epilog.php:2
#3: require_once(string)
	/var/www/lentacheb/data/www/lentacheb.devmill.ru/bitrix/footer.php:4
#4: require(string)
	/var/www/lentacheb/data/www/lentacheb.devmill.ru/404.php:12
#5: include_once(string)
	/var/www/lentacheb/data/www/lentacheb.devmill.ru/bitrix/urlrewrite.php:4
----------

2026-07-30 16:25:33 - Host: lentacheb.devmill.ru - UNCAUGHT_EXCEPTION - [Error] 
Call to undefined method CloudMill\App\Helpers\LayerManager::socialNetworks() (0)
/var/www/lentacheb/data/www/lentacheb.devmill.ru/local/templates/main/include/template/footer.php:125
#0: require
	/var/www/lentacheb/data/www/lentacheb.devmill.ru/local/templates/main/footer.php:6
#1: include_once(string)
	/var/www/lentacheb/data/www/lentacheb.devmill.ru/bitrix/modules/main/include/epilog_before.php:93
#2: require(string)
	/var/www/lentacheb/data/www/lentacheb.devmill.ru/bitrix/modules/main/include/epilog.php:2
#3: require_once(string)
	/var/www/lentacheb/data/www/lentacheb.devmill.ru/bitrix/footer.php:4
#4: require(string)
	/var/www/lentacheb/data/www/lentacheb.devmill.ru/about/certificates/index.php:9
----------

2026-07-30 16:25:35 - Host: lentacheb.devmill.ru - UNCAUGHT_EXCEPTION - [Error] 
Call to undefined method CloudMill\App\Helpers\LayerManager::socialNetworks() (0)
/var/www/lentacheb/data/www/lentacheb.devmill.ru/local/templates/main/include/template/footer.php:125
#0: require
	/var/www/lentacheb/data/www/lentacheb.devmill.ru/local/templates/main/footer.php:6
#1: include_once(string)
	/var/www/lentacheb/data/www/lentacheb.devmill.ru/bitrix/modules/main/include/epilog_before.php:93
#2: require(string)
	/var/www/lentacheb/data/www/lentacheb.devmill.ru/bitrix/modules/main/include/epilog.php:2
#3: require_once(string)
	/var/www/lentacheb/data/www/lentacheb.devmill.ru/bitrix/footer.php:4
#4: require(string)
	/var/www/lentacheb/data/www/lentacheb.devmill.ru/about/certificates/index.php:9
#5: include_once(string)
	/var/www/lentacheb/data/www/lentacheb.devmill.ru/bitrix/modules/main/include/urlrewrite.php:128
#6: include_once(string)
	/var/www/lentacheb/data/www/lentacheb.devmill.ru/bitrix/urlrewrite.php:2
----------

2026-07-30 16:25:35 - Host: lentacheb.devmill.ru - UNCAUGHT_EXCEPTION - [Error] 
Call to undefined method CloudMill\App\Helpers\LayerManager::socialNetworks() (0)
/var/www/lentacheb/data/www/lentacheb.devmill.ru/local/templates/main/include/template/footer.php:125
#0: require
	/var/www/lentacheb/data/www/lentacheb.devmill.ru/local/templates/main/footer.php:6
#1: include_once(string)
	/var/www/lentacheb/data/www/lentacheb.devmill.ru/bitrix/modules/main/include/epilog_before.php:93
#2: require(string)
	/var/www/lentacheb/data/www/lentacheb.devmill.ru/bitrix/modules/main/include/epilog.php:2
#3: require_once(string)
	/var/www/lentacheb/data/www/lentacheb.devmill.ru/bitrix/footer.php:4
#4: require(string)
	/var/www/lentacheb/data/www/lentacheb.devmill.ru/about/certificates/index.php:9
#5: include_once(string)
	/var/www/lentacheb/data/www/lentacheb.devmill.ru/bitrix/modules/main/include/urlrewrite.php:128
#6: include_once(string)
	/var/www/lentacheb/data/www/lentacheb.devmill.ru/bitrix/urlrewrite.php:2
----------

2026-07-30 16:26:24 - Host: lentacheb.devmill.ru - UNCAUGHT_EXCEPTION - [Error] 
Class "AppContext" not found (0)
/var/www/lentacheb/data/www/lentacheb.devmill.ru/local/templates/main/include/pages/certificates/index.php:77
#0: require
	/var/www/lentacheb/data/www/lentacheb.devmill.ru/about/certificates/index.php:7
#1: include_once(string)
	/var/www/lentacheb/data/www/lentacheb.devmill.ru/bitrix/modules/main/include/urlrewrite.php:128
#2: include_once(string)
	/var/www/lentacheb/data/www/lentacheb.devmill.ru/bitrix/urlrewrite.php:2
----------

2026-07-30 16:26:25 - Host: lentacheb.devmill.ru - UNCAUGHT_EXCEPTION - [Error] 
Class "AppContext" not found (0)
/var/www/lentacheb/data/www/lentacheb.devmill.ru/local/templates/main/include/pages/certificates/index.php:77
#0: require
	/var/www/lentacheb/data/www/lentacheb.devmill.ru/about/certificates/index.php:7
#1: include_once(string)
	/var/www/lentacheb/data/www/lentacheb.devmill.ru/bitrix/modules/main/include/urlrewrite.php:128
#2: include_once(string)
	/var/www/lentacheb/data/www/lentacheb.devmill.ru/bitrix/urlrewrite.php:2
----------

2026-07-30 16:26:30 - Host: lentacheb.devmill.ru - UNCAUGHT_EXCEPTION - [Error] 
Call to undefined method CloudMill\App\Helpers\LayerManager::socialNetworks() (0)
/var/www/lentacheb/data/www/lentacheb.devmill.ru/local/templates/main/include/template/footer.php:125
#0: require
	/var/www/lentacheb/data/www/lentacheb.devmill.ru/local/templates/main/footer.php:6
#1: include_once(string)
	/var/www/lentacheb/data/www/lentacheb.devmill.ru/bitrix/modules/main/include/epilog_before.php:93
#2: require(string)
	/var/www/lentacheb/data/www/lentacheb.devmill.ru/bitrix/modules/main/include/epilog.php:2
#3: require_once(string)
	/var/www/lentacheb/data/www/lentacheb.devmill.ru/bitrix/footer.php:4
#4: require(string)
	/var/www/lentacheb/data/www/lentacheb.devmill.ru/about/history/history-factory/index.php:9
----------

2026-07-30 16:26:35 - Host: lentacheb.devmill.ru - UNCAUGHT_EXCEPTION - [Error] 
Call to undefined method CloudMill\App\Helpers\LayerManager::socialNetworks() (0)
/var/www/lentacheb/data/www/lentacheb.devmill.ru/local/templates/main/include/template/footer.php:125
#0: require
	/var/www/lentacheb/data/www/lentacheb.devmill.ru/local/templates/main/footer.php:6
#1: include_once(string)
	/var/www/lentacheb/data/www/lentacheb.devmill.ru/bitrix/modules/main/include/epilog_before.php:93
#2: require(string)
	/var/www/lentacheb/data/www/lentacheb.devmill.ru/bitrix/modules/main/include/epilog.php:2
#3: require_once(string)
	/var/www/lentacheb/data/www/lentacheb.devmill.ru/bitrix/footer.php:4
#4: require(string)
	/var/www/lentacheb/data/www/lentacheb.devmill.ru/about/certificates/index.php:9
#5: include_once(string)
	/var/www/lentacheb/data/www/lentacheb.devmill.ru/bitrix/modules/main/include/urlrewrite.php:128
#6: include_once(string)
	/var/www/lentacheb/data/www/lentacheb.devmill.ru/bitrix/urlrewrite.php:2
----------

2026-07-30 16:26:46 - Host: lentacheb.devmill.ru - UNCAUGHT_EXCEPTION - [Error] 
Call to undefined method CloudMill\App\Helpers\LayerManager::socialNetworks() (0)
/var/www/lentacheb/data/www/lentacheb.devmill.ru/local/templates/main/include/template/footer.php:125
#0: require
	/var/www/lentacheb/data/www/lentacheb.devmill.ru/local/templates/main/footer.php:6
#1: include_once(string)
	/var/www/lentacheb/data/www/lentacheb.devmill.ru/bitrix/modules/main/include/epilog_before.php:93
#2: require(string)
	/var/www/lentacheb/data/www/lentacheb.devmill.ru/bitrix/modules/main/include/epilog.php:2
#3: require_once(string)
	/var/www/lentacheb/data/www/lentacheb.devmill.ru/bitrix/footer.php:4
#4: require(string)
	/var/www/lentacheb/data/www/lentacheb.devmill.ru/about/history/history-factory/index.php:9
----------

2026-07-30 16:26:58 - Host: lentacheb.devmill.ru - UNCAUGHT_EXCEPTION - [Error] 
Call to undefined method CloudMill\App\Helpers\LayerManager::socialNetworks() (0)
/var/www/lentacheb/data/www/lentacheb.devmill.ru/local/templates/main/include/template/footer.php:125
#0: require
	/var/www/lentacheb/data/www/lentacheb.devmill.ru/local/templates/main/footer.php:6
#1: include_once(string)
	/var/www/lentacheb/data/www/lentacheb.devmill.ru/bitrix/modules/main/include/epilog_before.php:93
#2: require(string)
	/var/www/lentacheb/data/www/lentacheb.devmill.ru/bitrix/modules/main/include/epilog.php:2
#3: require_once(string)
	/var/www/lentacheb/data/www/lentacheb.devmill.ru/bitrix/footer.php:4
#4: require(string)
	/var/www/lentacheb/data/www/lentacheb.devmill.ru/about/certificates/index.php:9
#5: include_once(string)
	/var/www/lentacheb/data/www/lentacheb.devmill.ru/bitrix/modules/main/include/urlrewrite.php:128
#6: include_once(string)
	/var/www/lentacheb/data/www/lentacheb.devmill.ru/bitrix/urlrewrite.php:2
----------

2026-07-30 16:27:01 - Host: lentacheb.devmill.ru - UNCAUGHT_EXCEPTION - [Error] 
Call to undefined method CloudMill\App\Helpers\LayerManager::socialNetworks() (0)
/var/www/lentacheb/data/www/lentacheb.devmill.ru/local/templates/main/include/template/footer.php:125
#0: require
	/var/www/lentacheb/data/www/lentacheb.devmill.ru/local/templates/main/footer.php:6
#1: include_once(string)
	/var/www/lentacheb/data/www/lentacheb.devmill.ru/bitrix/modules/main/include/epilog_before.php:93
#2: require(string)
	/var/www/lentacheb/data/www/lentacheb.devmill.ru/bitrix/modules/main/include/epilog.php:2
#3: require_once(string)
	/var/www/lentacheb/data/www/lentacheb.devmill.ru/bitrix/footer.php:4
#4: require(string)
	/var/www/lentacheb/data/www/lentacheb.devmill.ru/about/certificates/index.php:9
----------

2026-07-30 16:27:13 - Host: lentacheb.devmill.ru - UNCAUGHT_EXCEPTION - [Error] 
Call to undefined method CloudMill\App\Helpers\LayerManager::socialNetworks() (0)
/var/www/lentacheb/data/www/lentacheb.devmill.ru/local/templates/main/include/template/footer.php:125
#0: require
	/var/www/lentacheb/data/www/lentacheb.devmill.ru/local/templates/main/footer.php:6
#1: include_once(string)
	/var/www/lentacheb/data/www/lentacheb.devmill.ru/bitrix/modules/main/include/epilog_before.php:93
#2: require(string)
	/var/www/lentacheb/data/www/lentacheb.devmill.ru/bitrix/modules/main/include/epilog.php:2
#3: require_once(string)
	/var/www/lentacheb/data/www/lentacheb.devmill.ru/bitrix/footer.php:4
#4: require(string)
	/var/www/lentacheb/data/www/lentacheb.devmill.ru/about/certificates/index.php:9
----------

2026-07-30 16:27:44 - Host: lentacheb.devmill.ru - UNCAUGHT_EXCEPTION - [Error] 
Call to undefined method CloudMill\App\Helpers\LayerManager::socialNetworks() (0)
/var/www/lentacheb/data/www/lentacheb.devmill.ru/local/templates/main/include/template/footer.php:125
#0: require
	/var/www/lentacheb/data/www/lentacheb.devmill.ru/local/templates/main/footer.php:6
#1: include_once(string)
	/var/www/lentacheb/data/www/lentacheb.devmill.ru/bitrix/modules/main/include/epilog_before.php:93
#2: require(string)
	/var/www/lentacheb/data/www/lentacheb.devmill.ru/bitrix/modules/main/include/epilog.php:2
#3: require_once(string)
	/var/www/lentacheb/data/www/lentacheb.devmill.ru/bitrix/footer.php:4
#4: require(string)
	/var/www/lentacheb/data/www/lentacheb.devmill.ru/about/certificates/index.php:9
----------

2026-07-30 16:28:23 - Host: lentacheb.devmill.ru - UNCAUGHT_EXCEPTION - [Error] 
Call to undefined method CloudMill\App\Helpers\LayerManager::socialNetworks() (0)
/var/www/lentacheb/data/www/lentacheb.devmill.ru/local/templates/main/include/template/footer.php:125
#0: require
	/var/www/lentacheb/data/www/lentacheb.devmill.ru/local/templates/main/footer.php:6
#1: include_once(string)
	/var/www/lentacheb/data/www/lentacheb.devmill.ru/bitrix/modules/main/include/epilog_before.php:93
#2: require(string)
	/var/www/lentacheb/data/www/lentacheb.devmill.ru/bitrix/modules/main/include/epilog.php:2
#3: require_once(string)
	/var/www/lentacheb/data/www/lentacheb.devmill.ru/bitrix/footer.php:4
#4: require(string)
	/var/www/lentacheb/data/www/lentacheb.devmill.ru/about/certificates/index.php:9
----------

2026-07-30 16:28:36 - Host: lentacheb.devmill.ru - UNCAUGHT_EXCEPTION - [Error] 
Call to undefined method CloudMill\App\Helpers\LayerManager::socialNetworks() (0)
/var/www/lentacheb/data/www/lentacheb.devmill.ru/local/templates/main/include/template/footer.php:125
#0: require
	/var/www/lentacheb/data/www/lentacheb.devmill.ru/local/templates/main/footer.php:6
#1: include_once(string)
	/var/www/lentacheb/data/www/lentacheb.devmill.ru/bitrix/modules/main/include/epilog_before.php:93
#2: require(string)
	/var/www/lentacheb/data/www/lentacheb.devmill.ru/bitrix/modules/main/include/epilog.php:2
#3: require_once(string)
	/var/www/lentacheb/data/www/lentacheb.devmill.ru/bitrix/footer.php:4
#4: require(string)
	/var/www/lentacheb/data/www/lentacheb.devmill.ru/about/company/index.php:9
----------

2026-07-30 16:28:37 - Host: lentacheb.devmill.ru - UNCAUGHT_EXCEPTION - [Error] 
Call to undefined method CloudMill\App\Helpers\LayerManager::socialNetworks() (0)
/var/www/lentacheb/data/www/lentacheb.devmill.ru/local/templates/main/include/template/footer.php:125
#0: require
	/var/www/lentacheb/data/www/lentacheb.devmill.ru/local/templates/main/footer.php:6
#1: include_once(string)
	/var/www/lentacheb/data/www/lentacheb.devmill.ru/bitrix/modules/main/include/epilog_before.php:93
#2: require(string)
	/var/www/lentacheb/data/www/lentacheb.devmill.ru/bitrix/modules/main/include/epilog.php:2
#3: require_once(string)
	/var/www/lentacheb/data/www/lentacheb.devmill.ru/bitrix/footer.php:4
#4: require(string)
	/var/www/lentacheb/data/www/lentacheb.devmill.ru/404.php:12
#5: include_once(string)
	/var/www/lentacheb/data/www/lentacheb.devmill.ru/bitrix/urlrewrite.php:4
----------

2026-07-30 16:28:37 - Host: lentacheb.devmill.ru - UNCAUGHT_EXCEPTION - [Error] 
Call to undefined method CloudMill\App\Helpers\LayerManager::socialNetworks() (0)
/var/www/lentacheb/data/www/lentacheb.devmill.ru/local/templates/main/include/template/footer.php:125
#0: require
	/var/www/lentacheb/data/www/lentacheb.devmill.ru/local/templates/main/footer.php:6
#1: include_once(string)
	/var/www/lentacheb/data/www/lentacheb.devmill.ru/bitrix/modules/main/include/epilog_before.php:93
#2: require(string)
	/var/www/lentacheb/data/www/lentacheb.devmill.ru/bitrix/modules/main/include/epilog.php:2
#3: require_once(string)
	/var/www/lentacheb/data/www/lentacheb.devmill.ru/bitrix/footer.php:4
#4: require(string)
	/var/www/lentacheb/data/www/lentacheb.devmill.ru/404.php:12
#5: include_once(string)
	/var/www/lentacheb/data/www/lentacheb.devmill.ru/bitrix/urlrewrite.php:4
----------

2026-07-30 16:28:39 - Host: lentacheb.devmill.ru - UNCAUGHT_EXCEPTION - [Error] 
Call to undefined method CloudMill\App\Helpers\LayerManager::socialNetworks() (0)
/var/www/lentacheb/data/www/lentacheb.devmill.ru/local/templates/main/include/template/footer.php:125
#0: require
	/var/www/lentacheb/data/www/lentacheb.devmill.ru/local/templates/main/footer.php:6
#1: include_once(string)
	/var/www/lentacheb/data/www/lentacheb.devmill.ru/bitrix/modules/main/include/epilog_before.php:93
#2: require(string)
	/var/www/lentacheb/data/www/lentacheb.devmill.ru/bitrix/modules/main/include/epilog.php:2
#3: require_once(string)
	/var/www/lentacheb/data/www/lentacheb.devmill.ru/bitrix/footer.php:4
#4: require(string)
	/var/www/lentacheb/data/www/lentacheb.devmill.ru/index.php:10
----------

2026-07-30 16:28:40 - Host: lentacheb.devmill.ru - UNCAUGHT_EXCEPTION - [Error] 
Call to undefined method CloudMill\App\Helpers\LayerManager::socialNetworks() (0)
/var/www/lentacheb/data/www/lentacheb.devmill.ru/local/templates/main/include/template/footer.php:125
#0: require
	/var/www/lentacheb/data/www/lentacheb.devmill.ru/local/templates/main/footer.php:6
#1: include_once(string)
	/var/www/lentacheb/data/www/lentacheb.devmill.ru/bitrix/modules/main/include/epilog_before.php:93
#2: require(string)
	/var/www/lentacheb/data/www/lentacheb.devmill.ru/bitrix/modules/main/include/epilog.php:2
#3: require_once(string)
	/var/www/lentacheb/data/www/lentacheb.devmill.ru/bitrix/footer.php:4
#4: require(string)
	/var/www/lentacheb/data/www/lentacheb.devmill.ru/404.php:12
#5: include_once(string)
	/var/www/lentacheb/data/www/lentacheb.devmill.ru/bitrix/urlrewrite.php:4
----------

2026-07-30 16:28:40 - Host: lentacheb.devmill.ru - UNCAUGHT_EXCEPTION - [Error] 
Call to undefined method CloudMill\App\Helpers\LayerManager::socialNetworks() (0)
/var/www/lentacheb/data/www/lentacheb.devmill.ru/local/templates/main/include/template/footer.php:125
#0: require
	/var/www/lentacheb/data/www/lentacheb.devmill.ru/local/templates/main/footer.php:6
#1: include_once(string)
	/var/www/lentacheb/data/www/lentacheb.devmill.ru/bitrix/modules/main/include/epilog_before.php:93
#2: require(string)
	/var/www/lentacheb/data/www/lentacheb.devmill.ru/bitrix/modules/main/include/epilog.php:2
#3: require_once(string)
	/var/www/lentacheb/data/www/lentacheb.devmill.ru/bitrix/footer.php:4
#4: require(string)
	/var/www/lentacheb/data/www/lentacheb.devmill.ru/404.php:12
#5: include_once(string)
	/var/www/lentacheb/data/www/lentacheb.devmill.ru/bitrix/urlrewrite.php:4
----------

2026-07-30 16:28:43 - Host: lentacheb.devmill.ru - UNCAUGHT_EXCEPTION - [Error] 
Call to undefined method CloudMill\App\Helpers\LayerManager::socialNetworks() (0)
/var/www/lentacheb/data/www/lentacheb.devmill.ru/local/templates/main/include/template/footer.php:125
#0: require
	/var/www/lentacheb/data/www/lentacheb.devmill.ru/local/templates/main/footer.php:6
#1: include_once(string)
	/var/www/lentacheb/data/www/lentacheb.devmill.ru/bitrix/modules/main/include/epilog_before.php:93
#2: require(string)
	/var/www/lentacheb/data/www/lentacheb.devmill.ru/bitrix/modules/main/include/epilog.php:2
#3: require_once(string)
	/var/www/lentacheb/data/www/lentacheb.devmill.ru/bitrix/footer.php:4
#4: require(string)
	/var/www/lentacheb/data/www/lentacheb.devmill.ru/about/certificates/index.php:9
----------

2026-07-30 16:28:44 - Host: lentacheb.devmill.ru - UNCAUGHT_EXCEPTION - [Error] 
Call to undefined method CloudMill\App\Helpers\LayerManager::socialNetworks() (0)
/var/www/lentacheb/data/www/lentacheb.devmill.ru/local/templates/main/include/template/footer.php:125
#0: require
	/var/www/lentacheb/data/www/lentacheb.devmill.ru/local/templates/main/footer.php:6
#1: include_once(string)
	/var/www/lentacheb/data/www/lentacheb.devmill.ru/bitrix/modules/main/include/epilog_before.php:93
#2: require(string)
	/var/www/lentacheb/data/www/lentacheb.devmill.ru/bitrix/modules/main/include/epilog.php:2
#3: require_once(string)
	/var/www/lentacheb/data/www/lentacheb.devmill.ru/bitrix/footer.php:4
#4: require(string)
	/var/www/lentacheb/data/www/lentacheb.devmill.ru/about/certificates/index.php:9
----------

2026-07-30 16:28:50 - Host: lentacheb.devmill.ru - UNCAUGHT_EXCEPTION - [Error] 
Call to undefined method CloudMill\App\Helpers\LayerManager::socialNetworks() (0)
/var/www/lentacheb/data/www/lentacheb.devmill.ru/local/templates/main/include/template/footer.php:125
#0: require
	/var/www/lentacheb/data/www/lentacheb.devmill.ru/local/templates/main/footer.php:6
#1: include_once(string)
	/var/www/lentacheb/data/www/lentacheb.devmill.ru/bitrix/modules/main/include/epilog_before.php:93
#2: require(string)
	/var/www/lentacheb/data/www/lentacheb.devmill.ru/bitrix/modules/main/include/epilog.php:2
#3: require_once(string)
	/var/www/lentacheb/data/www/lentacheb.devmill.ru/bitrix/footer.php:4
#4: require(string)
	/var/www/lentacheb/data/www/lentacheb.devmill.ru/index.php:10
----------

2026-07-30 16:28:51 - Host: lentacheb.devmill.ru - UNCAUGHT_EXCEPTION - [Error] 
Call to undefined method CloudMill\App\Helpers\LayerManager::socialNetworks() (0)
/var/www/lentacheb/data/www/lentacheb.devmill.ru/local/templates/main/include/template/footer.php:125
#0: require
	/var/www/lentacheb/data/www/lentacheb.devmill.ru/local/templates/main/footer.php:6
#1: include_once(string)
	/var/www/lentacheb/data/www/lentacheb.devmill.ru/bitrix/modules/main/include/epilog_before.php:93
#2: require(string)
	/var/www/lentacheb/data/www/lentacheb.devmill.ru/bitrix/modules/main/include/epilog.php:2
#3: require_once(string)
	/var/www/lentacheb/data/www/lentacheb.devmill.ru/bitrix/footer.php:4
#4: require(string)
	/var/www/lentacheb/data/www/lentacheb.devmill.ru/404.php:12
#5: include_once(string)
	/var/www/lentacheb/data/www/lentacheb.devmill.ru/bitrix/urlrewrite.php:4
----------

2026-07-30 16:28:51 - Host: lentacheb.devmill.ru - UNCAUGHT_EXCEPTION - [Error] 
Call to undefined method CloudMill\App\Helpers\LayerManager::socialNetworks() (0)
/var/www/lentacheb/data/www/lentacheb.devmill.ru/local/templates/main/include/template/footer.php:125
#0: require
	/var/www/lentacheb/data/www/lentacheb.devmill.ru/local/templates/main/footer.php:6
#1: include_once(string)
	/var/www/lentacheb/data/www/lentacheb.devmill.ru/bitrix/modules/main/include/epilog_before.php:93
#2: require(string)
	/var/www/lentacheb/data/www/lentacheb.devmill.ru/bitrix/modules/main/include/epilog.php:2
#3: require_once(string)
	/var/www/lentacheb/data/www/lentacheb.devmill.ru/bitrix/footer.php:4
#4: require(string)
	/var/www/lentacheb/data/www/lentacheb.devmill.ru/404.php:12
#5: include_once(string)
	/var/www/lentacheb/data/www/lentacheb.devmill.ru/bitrix/urlrewrite.php:4
----------

2026-07-30 16:28:58 - Host: lentacheb.devmill.ru - UNCAUGHT_EXCEPTION - [Error] 
Call to undefined method CloudMill\App\Helpers\LayerManager::socialNetworks() (0)
/var/www/lentacheb/data/www/lentacheb.devmill.ru/local/templates/main/include/template/footer.php:125
#0: require
	/var/www/lentacheb/data/www/lentacheb.devmill.ru/local/templates/main/footer.php:6
#1: include_once(string)
	/var/www/lentacheb/data/www/lentacheb.devmill.ru/bitrix/modules/main/include/epilog_before.php:93
#2: require(string)
	/var/www/lentacheb/data/www/lentacheb.devmill.ru/bitrix/modules/main/include/epilog.php:2
#3: require_once(string)
	/var/www/lentacheb/data/www/lentacheb.devmill.ru/bitrix/footer.php:4
#4: require(string)
	/var/www/lentacheb/data/www/lentacheb.devmill.ru/about/company/index.php:9
----------

2026-07-30 16:30:30 - Host: lentacheb.devmill.ru - UNCAUGHT_EXCEPTION - [Error] 
Call to undefined method CloudMill\App\Helpers\LayerManager::socialNetworks() (0)
/var/www/lentacheb/data/www/lentacheb.devmill.ru/local/templates/main/include/template/footer.php:125
#0: require
	/var/www/lentacheb/data/www/lentacheb.devmill.ru/local/templates/main/footer.php:6
#1: include_once(string)
	/var/www/lentacheb/data/www/lentacheb.devmill.ru/bitrix/modules/main/include/epilog_before.php:93
#2: require(string)
	/var/www/lentacheb/data/www/lentacheb.devmill.ru/bitrix/modules/main/include/epilog.php:2
#3: require_once(string)
	/var/www/lentacheb/data/www/lentacheb.devmill.ru/bitrix/footer.php:4
#4: require(string)
	/var/www/lentacheb/data/www/lentacheb.devmill.ru/about/history/history-factory/index.php:9
----------

2026-07-30 16:30:56 - Host: lentacheb.devmill.ru - UNCAUGHT_EXCEPTION - [Error] 
Call to undefined method CloudMill\App\Helpers\LayerManager::socialNetworks() (0)
/var/www/lentacheb/data/www/lentacheb.devmill.ru/local/templates/main/include/template/footer.php:125
#0: require
	/var/www/lentacheb/data/www/lentacheb.devmill.ru/local/templates/main/footer.php:6
#1: include_once(string)
	/var/www/lentacheb/data/www/lentacheb.devmill.ru/bitrix/modules/main/include/epilog_before.php:93
#2: require(string)
	/var/www/lentacheb/data/www/lentacheb.devmill.ru/bitrix/modules/main/include/epilog.php:2
#3: require_once(string)
	/var/www/lentacheb/data/www/lentacheb.devmill.ru/bitrix/footer.php:4
#4: require(string)
	/var/www/lentacheb/data/www/lentacheb.devmill.ru/about/history/history-factory/index.php:9
----------

2026-07-30 16:32:26 - Host: lentacheb.devmill.ru - UNCAUGHT_EXCEPTION - [Error] 
Call to undefined method CloudMill\App\Helpers\LayerManager::socialNetworks() (0)
/var/www/lentacheb/data/www/lentacheb.devmill.ru/local/templates/main/include/template/footer.php:125
#0: require
	/var/www/lentacheb/data/www/lentacheb.devmill.ru/local/templates/main/footer.php:6
#1: include_once(string)
	/var/www/lentacheb/data/www/lentacheb.devmill.ru/bitrix/modules/main/include/epilog_before.php:93
#2: require(string)
	/var/www/lentacheb/data/www/lentacheb.devmill.ru/bitrix/modules/main/include/epilog.php:2
#3: require_once(string)
	/var/www/lentacheb/data/www/lentacheb.devmill.ru/bitrix/footer.php:4
#4: require(string)
	/var/www/lentacheb/data/www/lentacheb.devmill.ru/about/company/index.php:9
----------

2026-07-30 16:32:44 - Host: lentacheb.devmill.ru - UNCAUGHT_EXCEPTION - [Error] 
Call to undefined method CloudMill\App\Helpers\LayerManager::socialNetworks() (0)
/var/www/lentacheb/data/www/lentacheb.devmill.ru/local/templates/main/include/template/footer.php:125
#0: require
	/var/www/lentacheb/data/www/lentacheb.devmill.ru/local/templates/main/footer.php:6
#1: include_once(string)
	/var/www/lentacheb/data/www/lentacheb.devmill.ru/bitrix/modules/main/include/epilog_before.php:93
#2: require(string)
	/var/www/lentacheb/data/www/lentacheb.devmill.ru/bitrix/modules/main/include/epilog.php:2
#3: require_once(string)
	/var/www/lentacheb/data/www/lentacheb.devmill.ru/bitrix/footer.php:4
#4: require(string)
	/var/www/lentacheb/data/www/lentacheb.devmill.ru/about/history/history-factory/index.php:9
----------

2026-07-30 16:32:52 - Host: lentacheb.devmill.ru - UNCAUGHT_EXCEPTION - [Error] 
Call to undefined method CloudMill\App\Helpers\LayerManager::socialNetworks() (0)
/var/www/lentacheb/data/www/lentacheb.devmill.ru/local/templates/main/include/template/footer.php:125
#0: require
	/var/www/lentacheb/data/www/lentacheb.devmill.ru/local/templates/main/footer.php:6
#1: include_once(string)
	/var/www/lentacheb/data/www/lentacheb.devmill.ru/bitrix/modules/main/include/epilog_before.php:93
#2: require(string)
	/var/www/lentacheb/data/www/lentacheb.devmill.ru/bitrix/modules/main/include/epilog.php:2
#3: require_once(string)
	/var/www/lentacheb/data/www/lentacheb.devmill.ru/bitrix/footer.php:4
#4: require(string)
	/var/www/lentacheb/data/www/lentacheb.devmill.ru/about/history/history-factory/index.php:9
----------

2026-07-30 16:33:16 - Host: lentacheb.devmill.ru - UNCAUGHT_EXCEPTION - [Error] 
Call to undefined method CloudMill\App\Helpers\LayerManager::socialNetworks() (0)
/var/www/lentacheb/data/www/lentacheb.devmill.ru/local/templates/main/include/template/footer.php:125
#0: require
	/var/www/lentacheb/data/www/lentacheb.devmill.ru/local/templates/main/footer.php:6
#1: include_once(string)
	/var/www/lentacheb/data/www/lentacheb.devmill.ru/bitrix/modules/main/include/epilog_before.php:93
#2: require(string)
	/var/www/lentacheb/data/www/lentacheb.devmill.ru/bitrix/modules/main/include/epilog.php:2
#3: require_once(string)
	/var/www/lentacheb/data/www/lentacheb.devmill.ru/bitrix/footer.php:4
#4: require(string)
	/var/www/lentacheb/data/www/lentacheb.devmill.ru/about/certificates/index.php:9
----------

2026-07-30 16:33:17 - Host: lentacheb.devmill.ru - UNCAUGHT_EXCEPTION - [Error] 
Call to undefined method CloudMill\App\Helpers\LayerManager::socialNetworks() (0)
/var/www/lentacheb/data/www/lentacheb.devmill.ru/local/templates/main/include/template/footer.php:125
#0: require
	/var/www/lentacheb/data/www/lentacheb.devmill.ru/local/templates/main/footer.php:6
#1: include_once(string)
	/var/www/lentacheb/data/www/lentacheb.devmill.ru/bitrix/modules/main/include/epilog_before.php:93
#2: require(string)
	/var/www/lentacheb/data/www/lentacheb.devmill.ru/bitrix/modules/main/include/epilog.php:2
#3: require_once(string)
	/var/www/lentacheb/data/www/lentacheb.devmill.ru/bitrix/footer.php:4
#4: require(string)
	/var/www/lentacheb/data/www/lentacheb.devmill.ru/about/company/index.php:9
----------

2026-07-30 16:33:28 - Host: lentacheb.devmill.ru - UNCAUGHT_EXCEPTION - [Error] 
Call to undefined method CloudMill\App\Helpers\LayerManager::socialNetworks() (0)
/var/www/lentacheb/data/www/lentacheb.devmill.ru/local/templates/main/include/template/footer.php:125
#0: require
	/var/www/lentacheb/data/www/lentacheb.devmill.ru/local/templates/main/footer.php:6
#1: include_once(string)
	/var/www/lentacheb/data/www/lentacheb.devmill.ru/bitrix/modules/main/include/epilog_before.php:93
#2: require(string)
	/var/www/lentacheb/data/www/lentacheb.devmill.ru/bitrix/modules/main/include/epilog.php:2
#3: require_once(string)
	/var/www/lentacheb/data/www/lentacheb.devmill.ru/bitrix/footer.php:4
#4: require(string)
	/var/www/lentacheb/data/www/lentacheb.devmill.ru/about/certificates/index.php:9
----------

2026-07-30 16:34:03 - Host: lentacheb.devmill.ru - UNCAUGHT_EXCEPTION - [Error] 
Call to undefined method CloudMill\App\Helpers\LayerManager::socialNetworks() (0)
/var/www/lentacheb/data/www/lentacheb.devmill.ru/local/templates/main/include/template/footer.php:125
#0: require
	/var/www/lentacheb/data/www/lentacheb.devmill.ru/local/templates/main/footer.php:6
#1: include_once(string)
	/var/www/lentacheb/data/www/lentacheb.devmill.ru/bitrix/modules/main/include/epilog_before.php:93
#2: require(string)
	/var/www/lentacheb/data/www/lentacheb.devmill.ru/bitrix/modules/main/include/epilog.php:2
#3: require_once(string)
	/var/www/lentacheb/data/www/lentacheb.devmill.ru/bitrix/footer.php:4
#4: require(string)
	/var/www/lentacheb/data/www/lentacheb.devmill.ru/about/certificates/index.php:9
----------

2026-07-30 16:34:11 - Host: lentacheb.devmill.ru - UNCAUGHT_EXCEPTION - [Error] 
Call to undefined method CloudMill\App\Helpers\LayerManager::socialNetworks() (0)
/var/www/lentacheb/data/www/lentacheb.devmill.ru/local/templates/main/include/template/footer.php:125
#0: require
	/var/www/lentacheb/data/www/lentacheb.devmill.ru/local/templates/main/footer.php:6
#1: include_once(string)
	/var/www/lentacheb/data/www/lentacheb.devmill.ru/bitrix/modules/main/include/epilog_before.php:93
#2: require(string)
	/var/www/lentacheb/data/www/lentacheb.devmill.ru/bitrix/modules/main/include/epilog.php:2
#3: require_once(string)
	/var/www/lentacheb/data/www/lentacheb.devmill.ru/bitrix/footer.php:4
#4: require(string)
	/var/www/lentacheb/data/www/lentacheb.devmill.ru/about/certificates/index.php:9
----------

2026-07-30 16:34:36 - Host: lentacheb.devmill.ru - UNCAUGHT_EXCEPTION - [Error] 
Call to undefined method CloudMill\App\Helpers\LayerManager::socialNetworks() (0)
/var/www/lentacheb/data/www/lentacheb.devmill.ru/local/templates/main/include/template/footer.php:125
#0: require
	/var/www/lentacheb/data/www/lentacheb.devmill.ru/local/templates/main/footer.php:6
#1: include_once(string)
	/var/www/lentacheb/data/www/lentacheb.devmill.ru/bitrix/modules/main/include/epilog_before.php:93
#2: require(string)
	/var/www/lentacheb/data/www/lentacheb.devmill.ru/bitrix/modules/main/include/epilog.php:2
#3: require_once(string)
	/var/www/lentacheb/data/www/lentacheb.devmill.ru/bitrix/footer.php:4
#4: require(string)
	/var/www/lentacheb/data/www/lentacheb.devmill.ru/about/certificates/index.php:9
#5: include_once(string)
	/var/www/lentacheb/data/www/lentacheb.devmill.ru/bitrix/modules/main/include/urlrewrite.php:128
#6: include_once(string)
	/var/www/lentacheb/data/www/lentacheb.devmill.ru/bitrix/urlrewrite.php:2
----------

2026-07-30 16:34:37 - Host: lentacheb.devmill.ru - UNCAUGHT_EXCEPTION - [Error] 
Call to undefined method CloudMill\App\Helpers\LayerManager::socialNetworks() (0)
/var/www/lentacheb/data/www/lentacheb.devmill.ru/local/templates/main/include/template/footer.php:125
#0: require
	/var/www/lentacheb/data/www/lentacheb.devmill.ru/local/templates/main/footer.php:6
#1: include_once(string)
	/var/www/lentacheb/data/www/lentacheb.devmill.ru/bitrix/modules/main/include/epilog_before.php:93
#2: require(string)
	/var/www/lentacheb/data/www/lentacheb.devmill.ru/bitrix/modules/main/include/epilog.php:2
#3: require_once(string)
	/var/www/lentacheb/data/www/lentacheb.devmill.ru/bitrix/footer.php:4
#4: require(string)
	/var/www/lentacheb/data/www/lentacheb.devmill.ru/about/certificates/index.php:9
#5: include_once(string)
	/var/www/lentacheb/data/www/lentacheb.devmill.ru/bitrix/modules/main/include/urlrewrite.php:128
#6: include_once(string)
	/var/www/lentacheb/data/www/lentacheb.devmill.ru/bitrix/urlrewrite.php:2
----------

2026-07-30 16:34:38 - Host: lentacheb.devmill.ru - UNCAUGHT_EXCEPTION - [Error] 
Call to undefined method CloudMill\App\Helpers\LayerManager::socialNetworks() (0)
/var/www/lentacheb/data/www/lentacheb.devmill.ru/local/templates/main/include/template/footer.php:125
#0: require
	/var/www/lentacheb/data/www/lentacheb.devmill.ru/local/templates/main/footer.php:6
#1: include_once(string)
	/var/www/lentacheb/data/www/lentacheb.devmill.ru/bitrix/modules/main/include/epilog_before.php:93
#2: require(string)
	/var/www/lentacheb/data/www/lentacheb.devmill.ru/bitrix/modules/main/include/epilog.php:2
#3: require_once(string)
	/var/www/lentacheb/data/www/lentacheb.devmill.ru/bitrix/footer.php:4
#4: require(string)
	/var/www/lentacheb/data/www/lentacheb.devmill.ru/about/certificates/index.php:9
#5: include_once(string)
	/var/www/lentacheb/data/www/lentacheb.devmill.ru/bitrix/modules/main/include/urlrewrite.php:128
#6: include_once(string)
	/var/www/lentacheb/data/www/lentacheb.devmill.ru/bitrix/urlrewrite.php:2
----------

2026-07-30 16:34:40 - Host: lentacheb.devmill.ru - UNCAUGHT_EXCEPTION - [Error] 
Call to undefined method CloudMill\App\Helpers\LayerManager::socialNetworks() (0)
/var/www/lentacheb/data/www/lentacheb.devmill.ru/local/templates/main/include/template/footer.php:125
#0: require
	/var/www/lentacheb/data/www/lentacheb.devmill.ru/local/templates/main/footer.php:6
#1: include_once(string)
	/var/www/lentacheb/data/www/lentacheb.devmill.ru/bitrix/modules/main/include/epilog_before.php:93
#2: require(string)
	/var/www/lentacheb/data/www/lentacheb.devmill.ru/bitrix/modules/main/include/epilog.php:2
#3: require_once(string)
	/var/www/lentacheb/data/www/lentacheb.devmill.ru/bitrix/footer.php:4
#4: require(string)
	/var/www/lentacheb/data/www/lentacheb.devmill.ru/about/certificates/index.php:9
#5: include_once(string)
	/var/www/lentacheb/data/www/lentacheb.devmill.ru/bitrix/modules/main/include/urlrewrite.php:128
#6: include_once(string)
	/var/www/lentacheb/data/www/lentacheb.devmill.ru/bitrix/urlrewrite.php:2
----------

2026-07-30 16:34:41 - Host: lentacheb.devmill.ru - UNCAUGHT_EXCEPTION - [Error] 
Call to undefined method CloudMill\App\Helpers\LayerManager::socialNetworks() (0)
/var/www/lentacheb/data/www/lentacheb.devmill.ru/local/templates/main/include/template/footer.php:125
#0: require
	/var/www/lentacheb/data/www/lentacheb.devmill.ru/local/templates/main/footer.php:6
#1: include_once(string)
	/var/www/lentacheb/data/www/lentacheb.devmill.ru/bitrix/modules/main/include/epilog_before.php:93
#2: require(string)
	/var/www/lentacheb/data/www/lentacheb.devmill.ru/bitrix/modules/main/include/epilog.php:2
#3: require_once(string)
	/var/www/lentacheb/data/www/lentacheb.devmill.ru/bitrix/footer.php:4
#4: require(string)
	/var/www/lentacheb/data/www/lentacheb.devmill.ru/about/certificates/index.php:9
#5: include_once(string)
	/var/www/lentacheb/data/www/lentacheb.devmill.ru/bitrix/modules/main/include/urlrewrite.php:128
#6: include_once(string)
	/var/www/lentacheb/data/www/lentacheb.devmill.ru/bitrix/urlrewrite.php:2
----------

2026-07-30 16:34:42 - Host: lentacheb.devmill.ru - UNCAUGHT_EXCEPTION - [Error] 
Call to undefined method CloudMill\App\Helpers\LayerManager::socialNetworks() (0)
/var/www/lentacheb/data/www/lentacheb.devmill.ru/local/templates/main/include/template/footer.php:125
#0: require
	/var/www/lentacheb/data/www/lentacheb.devmill.ru/local/templates/main/footer.php:6
#1: include_once(string)
	/var/www/lentacheb/data/www/lentacheb.devmill.ru/bitrix/modules/main/include/epilog_before.php:93
#2: require(string)
	/var/www/lentacheb/data/www/lentacheb.devmill.ru/bitrix/modules/main/include/epilog.php:2
#3: require_once(string)
	/var/www/lentacheb/data/www/lentacheb.devmill.ru/bitrix/footer.php:4
#4: require(string)
	/var/www/lentacheb/data/www/lentacheb.devmill.ru/about/certificates/index.php:9
#5: include_once(string)
	/var/www/lentacheb/data/www/lentacheb.devmill.ru/bitrix/modules/main/include/urlrewrite.php:128
#6: include_once(string)
	/var/www/lentacheb/data/www/lentacheb.devmill.ru/bitrix/urlrewrite.php:2
----------

2026-07-30 16:34:44 - Host: lentacheb.devmill.ru - UNCAUGHT_EXCEPTION - [Error] 
Call to undefined method CloudMill\App\Helpers\LayerManager::socialNetworks() (0)
/var/www/lentacheb/data/www/lentacheb.devmill.ru/local/templates/main/include/template/footer.php:125
#0: require
	/var/www/lentacheb/data/www/lentacheb.devmill.ru/local/templates/main/footer.php:6
#1: include_once(string)
	/var/www/lentacheb/data/www/lentacheb.devmill.ru/bitrix/modules/main/include/epilog_before.php:93
#2: require(string)
	/var/www/lentacheb/data/www/lentacheb.devmill.ru/bitrix/modules/main/include/epilog.php:2
#3: require_once(string)
	/var/www/lentacheb/data/www/lentacheb.devmill.ru/bitrix/footer.php:4
#4: require(string)
	/var/www/lentacheb/data/www/lentacheb.devmill.ru/about/certificates/index.php:9
#5: include_once(string)
	/var/www/lentacheb/data/www/lentacheb.devmill.ru/bitrix/modules/main/include/urlrewrite.php:128
#6: include_once(string)
	/var/www/lentacheb/data/www/lentacheb.devmill.ru/bitrix/urlrewrite.php:2
----------

2026-07-30 16:34:47 - Host: lentacheb.devmill.ru - UNCAUGHT_EXCEPTION - [Error] 
Call to undefined method CloudMill\App\Helpers\LayerManager::socialNetworks() (0)
/var/www/lentacheb/data/www/lentacheb.devmill.ru/local/templates/main/include/template/footer.php:125
#0: require
	/var/www/lentacheb/data/www/lentacheb.devmill.ru/local/templates/main/footer.php:6
#1: include_once(string)
	/var/www/lentacheb/data/www/lentacheb.devmill.ru/bitrix/modules/main/include/epilog_before.php:93
#2: require(string)
	/var/www/lentacheb/data/www/lentacheb.devmill.ru/bitrix/modules/main/include/epilog.php:2
#3: require_once(string)
	/var/www/lentacheb/data/www/lentacheb.devmill.ru/bitrix/footer.php:4
#4: require(string)
	/var/www/lentacheb/data/www/lentacheb.devmill.ru/about/certificates/index.php:9
----------

2026-07-30 16:34:59 - Host: lentacheb.devmill.ru - UNCAUGHT_EXCEPTION - [Error] 
Call to undefined method CloudMill\App\Helpers\LayerManager::socialNetworks() (0)
/var/www/lentacheb/data/www/lentacheb.devmill.ru/local/templates/main/include/template/footer.php:125
#0: require
	/var/www/lentacheb/data/www/lentacheb.devmill.ru/local/templates/main/footer.php:6
#1: include_once(string)
	/var/www/lentacheb/data/www/lentacheb.devmill.ru/bitrix/modules/main/include/epilog_before.php:93
#2: require(string)
	/var/www/lentacheb/data/www/lentacheb.devmill.ru/bitrix/modules/main/include/epilog.php:2
#3: require_once(string)
	/var/www/lentacheb/data/www/lentacheb.devmill.ru/bitrix/footer.php:4
#4: require(string)
	/var/www/lentacheb/data/www/lentacheb.devmill.ru/about/certificates/index.php:9
----------

2026-07-30 16:35:17 - Host: lentacheb.devmill.ru - UNCAUGHT_EXCEPTION - [Error] 
Call to undefined method CloudMill\App\Helpers\LayerManager::socialNetworks() (0)
/var/www/lentacheb/data/www/lentacheb.devmill.ru/local/templates/main/include/template/footer.php:125
#0: require
	/var/www/lentacheb/data/www/lentacheb.devmill.ru/local/templates/main/footer.php:6
#1: include_once(string)
	/var/www/lentacheb/data/www/lentacheb.devmill.ru/bitrix/modules/main/include/epilog_before.php:93
#2: require(string)
	/var/www/lentacheb/data/www/lentacheb.devmill.ru/bitrix/modules/main/include/epilog.php:2
#3: require_once(string)
	/var/www/lentacheb/data/www/lentacheb.devmill.ru/bitrix/footer.php:4
#4: require(string)
	/var/www/lentacheb/data/www/lentacheb.devmill.ru/about/company/index.php:9
----------

2026-07-30 16:38:11 - Host: lentacheb.devmill.ru - UNCAUGHT_EXCEPTION - [Error] 
Call to undefined method CloudMill\App\Helpers\LayerManager::socialNetworks() (0)
/var/www/lentacheb/data/www/lentacheb.devmill.ru/local/templates/main/include/template/footer.php:125
#0: require
	/var/www/lentacheb/data/www/lentacheb.devmill.ru/local/templates/main/footer.php:6
#1: include_once(string)
	/var/www/lentacheb/data/www/lentacheb.devmill.ru/bitrix/modules/main/include/epilog_before.php:93
#2: require(string)
	/var/www/lentacheb/data/www/lentacheb.devmill.ru/bitrix/modules/main/include/epilog.php:2
#3: require_once(string)
	/var/www/lentacheb/data/www/lentacheb.devmill.ru/bitrix/footer.php:4
#4: require(string)
	/var/www/lentacheb/data/www/lentacheb.devmill.ru/about/history/history-factory/index.php:9
----------

2026-07-30 16:38:36 - Host: lentacheb.devmill.ru - UNCAUGHT_EXCEPTION - [Error] 
Call to undefined method CloudMill\App\Helpers\LayerManager::socialNetworks() (0)
/var/www/lentacheb/data/www/lentacheb.devmill.ru/local/templates/main/include/template/footer.php:125
#0: require
	/var/www/lentacheb/data/www/lentacheb.devmill.ru/local/templates/main/footer.php:6
#1: include_once(string)
	/var/www/lentacheb/data/www/lentacheb.devmill.ru/bitrix/modules/main/include/epilog_before.php:93
#2: require(string)
	/var/www/lentacheb/data/www/lentacheb.devmill.ru/bitrix/modules/main/include/epilog.php:2
#3: require_once(string)
	/var/www/lentacheb/data/www/lentacheb.devmill.ru/bitrix/footer.php:4
#4: require(string)
	/var/www/lentacheb/data/www/lentacheb.devmill.ru/about/history/history-factory/index.php:9
----------

2026-07-30 16:38:40 - Host: lentacheb.devmill.ru - UNCAUGHT_EXCEPTION - [Error] 
Call to undefined method CloudMill\App\Helpers\LayerManager::socialNetworks() (0)
/var/www/lentacheb/data/www/lentacheb.devmill.ru/local/templates/main/include/template/footer.php:125
#0: require
	/var/www/lentacheb/data/www/lentacheb.devmill.ru/local/templates/main/footer.php:6
#1: include_once(string)
	/var/www/lentacheb/data/www/lentacheb.devmill.ru/bitrix/modules/main/include/epilog_before.php:93
#2: require(string)
	/var/www/lentacheb/data/www/lentacheb.devmill.ru/bitrix/modules/main/include/epilog.php:2
#3: require_once(string)
	/var/www/lentacheb/data/www/lentacheb.devmill.ru/bitrix/footer.php:4
#4: require(string)
	/var/www/lentacheb/data/www/lentacheb.devmill.ru/404.php:12
#5: include_once(string)
	/var/www/lentacheb/data/www/lentacheb.devmill.ru/bitrix/urlrewrite.php:4
----------

2026-07-30 16:38:56 - Host: lentacheb.devmill.ru - UNCAUGHT_EXCEPTION - [Error] 
Call to undefined method CloudMill\App\Helpers\LayerManager::socialNetworks() (0)
/var/www/lentacheb/data/www/lentacheb.devmill.ru/local/templates/main/include/template/footer.php:125
#0: require
	/var/www/lentacheb/data/www/lentacheb.devmill.ru/local/templates/main/footer.php:6
#1: include_once(string)
	/var/www/lentacheb/data/www/lentacheb.devmill.ru/bitrix/modules/main/include/epilog_before.php:93
#2: require(string)
	/var/www/lentacheb/data/www/lentacheb.devmill.ru/bitrix/modules/main/include/epilog.php:2
#3: require_once(string)
	/var/www/lentacheb/data/www/lentacheb.devmill.ru/bitrix/footer.php:4
#4: require(string)
	/var/www/lentacheb/data/www/lentacheb.devmill.ru/about/history/head-company/index.php:9
----------

2026-07-30 16:38:57 - Host: lentacheb.devmill.ru - UNCAUGHT_EXCEPTION - [Error] 
Call to undefined method CloudMill\App\Helpers\LayerManager::socialNetworks() (0)
/var/www/lentacheb/data/www/lentacheb.devmill.ru/local/templates/main/include/template/footer.php:125
#0: require
	/var/www/lentacheb/data/www/lentacheb.devmill.ru/local/templates/main/footer.php:6
#1: include_once(string)
	/var/www/lentacheb/data/www/lentacheb.devmill.ru/bitrix/modules/main/include/epilog_before.php:93
#2: require(string)
	/var/www/lentacheb/data/www/lentacheb.devmill.ru/bitrix/modules/main/include/epilog.php:2
#3: require_once(string)
	/var/www/lentacheb/data/www/lentacheb.devmill.ru/bitrix/footer.php:4
#4: require(string)
	/var/www/lentacheb/data/www/lentacheb.devmill.ru/404.php:12
#5: include_once(string)
	/var/www/lentacheb/data/www/lentacheb.devmill.ru/bitrix/urlrewrite.php:4
----------

2026-07-30 16:38:57 - Host: lentacheb.devmill.ru - UNCAUGHT_EXCEPTION - [Error] 
Call to undefined method CloudMill\App\Helpers\LayerManager::socialNetworks() (0)
/var/www/lentacheb/data/www/lentacheb.devmill.ru/local/templates/main/include/template/footer.php:125
#0: require
	/var/www/lentacheb/data/www/lentacheb.devmill.ru/local/templates/main/footer.php:6
#1: include_once(string)
	/var/www/lentacheb/data/www/lentacheb.devmill.ru/bitrix/modules/main/include/epilog_before.php:93
#2: require(string)
	/var/www/lentacheb/data/www/lentacheb.devmill.ru/bitrix/modules/main/include/epilog.php:2
#3: require_once(string)
	/var/www/lentacheb/data/www/lentacheb.devmill.ru/bitrix/footer.php:4
#4: require(string)
	/var/www/lentacheb/data/www/lentacheb.devmill.ru/404.php:12
#5: include_once(string)
	/var/www/lentacheb/data/www/lentacheb.devmill.ru/bitrix/urlrewrite.php:4
----------

2026-07-30 16:38:57 - Host: lentacheb.devmill.ru - UNCAUGHT_EXCEPTION - [Error] 
Call to undefined method CloudMill\App\Helpers\LayerManager::socialNetworks() (0)
/var/www/lentacheb/data/www/lentacheb.devmill.ru/local/templates/main/include/template/footer.php:125
#0: require
	/var/www/lentacheb/data/www/lentacheb.devmill.ru/local/templates/main/footer.php:6
#1: include_once(string)
	/var/www/lentacheb/data/www/lentacheb.devmill.ru/bitrix/modules/main/include/epilog_before.php:93
#2: require(string)
	/var/www/lentacheb/data/www/lentacheb.devmill.ru/bitrix/modules/main/include/epilog.php:2
#3: require_once(string)
	/var/www/lentacheb/data/www/lentacheb.devmill.ru/bitrix/footer.php:4
#4: require(string)
	/var/www/lentacheb/data/www/lentacheb.devmill.ru/404.php:12
#5: include_once(string)
	/var/www/lentacheb/data/www/lentacheb.devmill.ru/bitrix/urlrewrite.php:4
----------

2026-07-30 16:38:57 - Host: lentacheb.devmill.ru - UNCAUGHT_EXCEPTION - [Error] 
Call to undefined method CloudMill\App\Helpers\LayerManager::socialNetworks() (0)
/var/www/lentacheb/data/www/lentacheb.devmill.ru/local/templates/main/include/template/footer.php:125
#0: require
	/var/www/lentacheb/data/www/lentacheb.devmill.ru/local/templates/main/footer.php:6
#1: include_once(string)
	/var/www/lentacheb/data/www/lentacheb.devmill.ru/bitrix/modules/main/include/epilog_before.php:93
#2: require(string)
	/var/www/lentacheb/data/www/lentacheb.devmill.ru/bitrix/modules/main/include/epilog.php:2
#3: require_once(string)
	/var/www/lentacheb/data/www/lentacheb.devmill.ru/bitrix/footer.php:4
#4: require(string)
	/var/www/lentacheb/data/www/lentacheb.devmill.ru/404.php:12
#5: include_once(string)
	/var/www/lentacheb/data/www/lentacheb.devmill.ru/bitrix/urlrewrite.php:4
----------

2026-07-30 16:38:57 - Host: lentacheb.devmill.ru - UNCAUGHT_EXCEPTION - [Error] 
Call to undefined method CloudMill\App\Helpers\LayerManager::socialNetworks() (0)
/var/www/lentacheb/data/www/lentacheb.devmill.ru/local/templates/main/include/template/footer.php:125
#0: require
	/var/www/lentacheb/data/www/lentacheb.devmill.ru/local/templates/main/footer.php:6
#1: include_once(string)
	/var/www/lentacheb/data/www/lentacheb.devmill.ru/bitrix/modules/main/include/epilog_before.php:93
#2: require(string)
	/var/www/lentacheb/data/www/lentacheb.devmill.ru/bitrix/modules/main/include/epilog.php:2
#3: require_once(string)
	/var/www/lentacheb/data/www/lentacheb.devmill.ru/bitrix/footer.php:4
#4: require(string)
	/var/www/lentacheb/data/www/lentacheb.devmill.ru/404.php:12
#5: include_once(string)
	/var/www/lentacheb/data/www/lentacheb.devmill.ru/bitrix/urlrewrite.php:4
----------

2026-07-30 16:38:57 - Host: lentacheb.devmill.ru - UNCAUGHT_EXCEPTION - [Error] 
Call to undefined method CloudMill\App\Helpers\LayerManager::socialNetworks() (0)
/var/www/lentacheb/data/www/lentacheb.devmill.ru/local/templates/main/include/template/footer.php:125
#0: require
	/var/www/lentacheb/data/www/lentacheb.devmill.ru/local/templates/main/footer.php:6
#1: include_once(string)
	/var/www/lentacheb/data/www/lentacheb.devmill.ru/bitrix/modules/main/include/epilog_before.php:93
#2: require(string)
	/var/www/lentacheb/data/www/lentacheb.devmill.ru/bitrix/modules/main/include/epilog.php:2
#3: require_once(string)
	/var/www/lentacheb/data/www/lentacheb.devmill.ru/bitrix/footer.php:4
#4: require(string)
	/var/www/lentacheb/data/www/lentacheb.devmill.ru/404.php:12
#5: include_once(string)
	/var/www/lentacheb/data/www/lentacheb.devmill.ru/bitrix/urlrewrite.php:4
----------

2026-07-30 16:38:57 - Host: lentacheb.devmill.ru - UNCAUGHT_EXCEPTION - [Error] 
Call to undefined method CloudMill\App\Helpers\LayerManager::socialNetworks() (0)
/var/www/lentacheb/data/www/lentacheb.devmill.ru/local/templates/main/include/template/footer.php:125
#0: require
	/var/www/lentacheb/data/www/lentacheb.devmill.ru/local/templates/main/footer.php:6
#1: include_once(string)
	/var/www/lentacheb/data/www/lentacheb.devmill.ru/bitrix/modules/main/include/epilog_before.php:93
#2: require(string)
	/var/www/lentacheb/data/www/lentacheb.devmill.ru/bitrix/modules/main/include/epilog.php:2
#3: require_once(string)
	/var/www/lentacheb/data/www/lentacheb.devmill.ru/bitrix/footer.php:4
#4: require(string)
	/var/www/lentacheb/data/www/lentacheb.devmill.ru/404.php:12
#5: include_once(string)
	/var/www/lentacheb/data/www/lentacheb.devmill.ru/bitrix/urlrewrite.php:4
----------

2026-07-30 16:39:00 - Host: lentacheb.devmill.ru - UNCAUGHT_EXCEPTION - [Error] 
Call to undefined method CloudMill\App\Helpers\LayerManager::socialNetworks() (0)
/var/www/lentacheb/data/www/lentacheb.devmill.ru/local/templates/main/include/template/footer.php:125
#0: require
	/var/www/lentacheb/data/www/lentacheb.devmill.ru/local/templates/main/footer.php:6
#1: include_once(string)
	/var/www/lentacheb/data/www/lentacheb.devmill.ru/bitrix/modules/main/include/epilog_before.php:93
#2: require(string)
	/var/www/lentacheb/data/www/lentacheb.devmill.ru/bitrix/modules/main/include/epilog.php:2
#3: require_once(string)
	/var/www/lentacheb/data/www/lentacheb.devmill.ru/bitrix/footer.php:4
#4: require(string)
	/var/www/lentacheb/data/www/lentacheb.devmill.ru/404.php:12
#5: include_once(string)
	/var/www/lentacheb/data/www/lentacheb.devmill.ru/bitrix/urlrewrite.php:4
----------

2026-07-30 16:39:10 - Host: lentacheb.devmill.ru - UNCAUGHT_EXCEPTION - [Error] 
Call to undefined method CloudMill\App\Helpers\LayerManager::socialNetworks() (0)
/var/www/lentacheb/data/www/lentacheb.devmill.ru/local/templates/main/include/template/footer.php:125
#0: require
	/var/www/lentacheb/data/www/lentacheb.devmill.ru/local/templates/main/footer.php:6
#1: include_once(string)
	/var/www/lentacheb/data/www/lentacheb.devmill.ru/bitrix/modules/main/include/epilog_before.php:93
#2: require(string)
	/var/www/lentacheb/data/www/lentacheb.devmill.ru/bitrix/modules/main/include/epilog.php:2
#3: require_once(string)
	/var/www/lentacheb/data/www/lentacheb.devmill.ru/bitrix/footer.php:4
#4: require(string)
	/var/www/lentacheb/data/www/lentacheb.devmill.ru/about/history/history-factory/index.php:9
----------

